Photo URL,Date,Text
https://t.me/CheMed123\photos/photo_1@05-09-2022_12-57-09.jpg,2022-09-05T12:57:09,рѕўрІхрѕђріњрЅхрІјріЋ рѕѕрѕЏрїЇріўрЅх рІўрѕўріЊрІірІЇ рѕўріЋрїѕрІх ріљрІЇрЇАрЇА рЅарІхрѕерїѕрї╗рЅйріЋ ріарѕЏріФріЮріљрЅх рѕўрІхріЃріњрЅхрІјріЋ ріерЇѕрѕѕрїЅрЅх рЅдрЅ│ рІГрІўрІЎ рІФрѕЅрЅарЅх рЅдрЅ│ рѕўрІхрѕЃріњрЅхрІјріЋ ріЦріЊрІ░рѕГрѕхрѕЇрІјрЅ│рѕѕріЋрЇАрЇА
https://t.me/CheMed123\photos/photo_2@05-09-2022_13-02-05.jpg,2022-09-05T13:02:05,
https://t.me/CheMed123\photos/photo_3@05-09-2022_13-02-24.jpg,2022-09-05T13:02:24,
https://t.me/CheMed123\photos/photo_1@05-09-2022_12-57-09.jpg,2022-09-06T07:26:15,рѕўрІхрѕђріњрЅхрІјріЋ рѕѕрѕЏрїЇріўрЅх рІўрѕўріЊрІірІЇ рѕўріЋрїѕрІх ріљрІЇрЇАрЇА рЅарІхрѕерїѕрї╗рЅйріЋ ріарѕЏріФріЮріљрЅх рѕўрІхріЃріњрЅхрІјріЋ ріерЇѕрѕѕрїЅрЅх рЅдрЅ│ рІГрІўрІЎ рІФрѕЅрЅарЅх рЅдрЅ│ рѕўрІхрѕЃріњрЅхрІјріЋ ріЦріЊрІ░рѕГрѕхрѕЇрІјрЅ│рѕѕріЋрЇАрЇА
https://t.me/CheMed123\photos/photo_5@07-09-2022_12-16-40.jpg,2022-09-07T12:16:40,Why spend time searching for medications? Visit to have your medication delivered to your door.
https://t.me/CheMed123\photos/photo_6@10-09-2022_18-55-25.jpg,2022-09-10T18:55:25,"­Ъї╝­Ъї╝­Ъї╝ рѕўрѕЇріФрѕЮ ріарІ▓рѕх рІЊрѕўрЅх ­Ъї╝­Ъї╝­Ъї╝

рІерѕЮрѕхрѕФрЅй!! рЅаріарІ▓рѕ▒ ріарѕўрЅх ріарІ▓рѕх ріљрїѕрѕГ рѕѕрїцріЊрІјрЇАрЇА ріеріЦріЋрїЇрІ▓рѕЁ рѕўрІхрѕЃріњрЅх рЇЇрѕѕрїІ рѕўріЋріерѕФрЅ░рЅхріЊ рѕўрѕ░рѕѕрЇЇ ріарІГріќрѕГрЅЦрІјрЅхрѕЮрЇАрЇА рЅарѕўрїЇрЅБрЅх рѕърЅБрІГрѕЇрІјріЋ рЅ░рїарЅЁрѕўрІЇ рІерѕџрЇѕрѕЇрїЅрЅх рѕўрІхрѕЃріњрЅх рЅцрЅхрІј рІхрѕерѕх рІГрІўрІЎ!

­Ъї╝­Ъї╝­Ъї╝ рѕўрѕЇріФрѕЮ ріарІ▓рѕх рІЊрѕўрЅх ­Ъї╝­Ъї╝­Ъї╝"
https://t.me/CheMed123\photos/photo_7@16-09-2022_10-42-31.jpg,2022-09-16T10:42:31,"Say goodbye to the hustle of trying to find medications! 

Chemed has brought to you the modern way to find your meds. Go to to order your medications or upload your prescriptions and get them delivered to you within less than 30 minutes.

You can also reach out to our Pharmacists at ."
https://t.me/CheMed123\photos/photo_8@28-09-2022_08-45-31.jpg,2022-09-28T08:45:31,CheMed    +2519603463
https://t.me/CheMed123\photos/photo_9@30-09-2022_10-33-42.jpg,2022-09-30T10:33:42,For more information contact our pharmacists at You can still schedule orders and get information about medications.
https://t.me/CheMed123\photos/photo_10@03-10-2022_08-16-30.jpg,2022-10-03T08:16:30,"рѕўрІхрѕђріњрЅх рЅцрЅхрІј рІхрѕерѕх! 

рѕўрІхрѕђріњрЅх рЅарѕўрЇѕрѕѕрїЇ рїірІюрІјріЋріЊ рїЅрѕЇрЅарЅхрІјріЋ ріарІФрЅБріГріЉ:: рІхрѕерїѕрї╗рЅйріЋріЋ рЅарѕўрїарЅђрѕЮ рѕўрІхріЃріњрЅх ріерЇѕрѕѕрїЅрЅх рЅдрЅ│ рІГрІўрІЎ рІФрѕЅрЅарЅх рЅдрЅ│ ріЦріЊрІ░рѕГрѕхрѕЇрІјрЅ│рѕѕріЋрЇАрЇА 

30 рІ░рЅѓрЅЃрЇА рЅарѕЃріфрѕЮ рІерЅ│рІўрІўрѕЇрІјрЅхріЋ рѕўрІхрѕЃріњрЅх рЅцрЅхрІј
рѕѕрѕЏрІхрѕерѕ░ рІерѕџрЇѕрїЁрЅЦріЋ рїірІю ріљрІЇрЇАрЇА  The delivery fee is fixed at 100 ETB"
https://t.me/CheMed123\photos/photo_11@06-10-2022_12-23-46.jpg,2022-10-06T12:23:46,рЅарЅђріЋ рѕЂрѕѕрЅх рїірІюрЇБ рѕХрѕхрЅх рїірІю рІѕрІГрѕЮ ріарѕФрЅх рїірІю рѕўрІхрѕЃріњрЅх рѕ▓рЅ│рІўрІЮрѕЇріЋ ріаріЋрІ┤рЅх рѕўрІЅрѕ░рІх рІГріќрѕГрЅЦріЊрѕЇ?
https://t.me/CheMed123\photos/photo_12@12-10-2022_17-14-19.jpg,2022-10-12T17:14:19,"K E N E M A  P H A R M A C I E S  E N T E R P R I S E  a n d  C H E M E D  B Y  K I F I Y A  F I N A N C I A L T E C H N O L O G I E S  P L C :  A  p a r t n e r s h i p  f o r  p h a r m a c e u t i c a l  s e c t o r  d i g i t a l i z a t i o n   W e  a r e  e x c i t e d  t o  a n n o u n c e  t h a t  C h e m e d ,  a  s u b s i d i a r y  o f  K i f i y a  F i n a c i a l  T e c h n o l o g i e s ,  i s  p a r t n e r i n g  u p  w i t h  K e n e m a  P h a r m a c i e s  E n t e r p r i s e .  O u r  c o l l a b o r a t i o n  w i l l  f o c u s  o n  t h e  f o l l o w i n g ;   1 .  E n h a n c e  K e n e m a ' s  d i g i t a l i z a t i o n  o f  i t s  i n v e n t o r y  a n d  w a r e h o u s e  m a n a g e m e n t  s y s t e m ;  2 .  M a k e  m e d i c a t i o n  p u r c h a s e  d a t a - d r i v e n  a n d  n e e d - b a s e d ;  3 .  P r o v i d e  a  d i g i t a l  m e d i c a t i o n  m a t c h m a k i n g  a n d  d e l i v e r y  p l a t f o r m ;   T h i s  p a r t n e r s h i p  w i l l  b o o s t  K e n e m a ' s  c u r r e n t  r e f o r m s  a n d  e n a b l e  a n  a l t e r n a t i v e  p l a t f o r m  f o r  c l i e n t s  t o  a c c e s s  m e d i c a t i o n s  f r o m  K e n e m a  e a s i l y  a n d  c o n v e n i e n t l y . '"
https://t.me/CheMed123\photos/photo_12@12-10-2022_17-14-19.jpg,2022-10-12T17:14:52,Рђю ріе ріљ рѕЏ  рЇІ рѕГ рѕЏ рѕ▓ рІј рЅй  рІх рѕГ рїЁ рЅх  ріЦ ріЊ  ріГ рЇЇ рІФ  рЇІ рІГ ріЊ ріЋ рѕ║ рІФ рѕЇ  рЅ┤ ріГ ріќ рѕј рїѓ рѕх  ріЃ . рІе рЅ░ . рІе рїЇ . рѕЏ рЇА  рІе рѕў рІх ріЃ ріњ рЅх  рІў рѕГ рЇЇ  рІ▓ рїѓ рЅ│ рѕІ рІГ рІю рѕй ріЋ  ріа рїІ рѕГ ріљ рЅх  рЅ░ рЇѕ рѕФ рѕе рѕЎ РђЮ   рІе ріГ рЇЇ рІФ  рЇІ рІГ ріЊ ріЋ рѕ║ рІФ рѕЇ  рЅ┤ ріГ ріќ рѕј рїѓ рѕх  ріЦ ріЊ  ріе ріљ рѕЏ  рЇІ рѕГ рѕЏ рѕ▓ рІј рЅй  рІх рѕГ рїЁ рЅх  рЅа рѕџ ріе рЅ░ рѕЅ рЅх  ріљ рїЦ рЅд рЅй  рѕІ рІГ  рЅа рЅх рЅЦ рЅЦ рѕГ  рѕѕ рѕў рѕх рѕФ рЅх  рІе рїІ рѕФ  рѕў рїЇ рЅБ рЅб рІФ  рѕ░ ріљ рІх  рЅ░ рЇѕ рѕФ рѕГ рѕў рІІ рѕЇ рЇА рЇА  рІГ рѕЁ  рЅх рЅЦ рЅЦ рѕГ рЇц   1 .  ріе ріљ рѕЏ  рЇІ рѕГ рѕЏ рѕ▓ рІј рЅй  рІх рѕГ рїЁ рЅх ріЋ  рІе ріб ріЋ рЅг ріЋ рЅХ рѕф ріЊ  рІе ріЋ рЅЦ рѕе рЅх  ріа рѕх рЅ░ рІ│ рІ░ рѕГ  рѕх рѕГ рІЊ рЅ▒ ріЋ  рІ▓ рїѓ рЅ│ рѕЇ  рѕѕ рѕЏ рІх рѕе рїЇ  рІе рѕџ рІФ рІ░ рѕГ рїѕ рІЇ ріЋ  рїЦ рѕе рЅх  рѕѕ рѕЏ рїѕ рІЮ рЇБ  2 .  рІе рѕў рІх рѕЃ ріњ рЅх  рїЇ рІб  рѕѓ рІ░ рЅх ріЋ  рЅа рѕЏ рІў рѕў ріЋ  рЅа рѕў рѕе рїЃ  рѕІ рІГ  ріЦ ріЊ  рЅа рЇЇ рѕІ рїј рЅх  рѕІ рІГ  рІе рЅ░ рѕў рѕ░ рѕе рЅ░  рѕѕ рѕЏ рІх рѕе рїЇ ;  3 .  рІе рІ▓ рїѓ рЅ│ рѕЇ  рѕў рІх рѕЃ ріњ рЅх  рїЇ рЅЦ рІГ рЅх ріЊ  рІ┤ рѕі рЅе рѕф ріЋ  рІе рѕџ рІФ рѕ│ рѕЇ рїЦ  рѕў рЅ░ рїЇ рЅа рѕф рІФ ріЋ  рѕЏ рЅЁ рѕе рЅЦ ріЋ  рІФ ріФ рЅх рЅ│ рѕЇ рЇА рЇА   рІГ рѕЁ  ріа рїІ рѕГ ріљ рЅх  ріе ріљ рѕЏ  рЇІ рѕГ рѕЏ рѕ▓ рІј рЅй рІј рЅй  рІх рѕГ рїЁ рЅх рІх рѕГ рїЁ рЅх  рІе рѕџ рїѕ ріЮ рЅа рЅх ріЋ  рІе рѕѕ рІЇ рїЦ  рѕѓ рІ░ рЅх  рІе рѕџ рІ░ рїЇ рЇЇ  ріЦ ріЊ  рІ░ ріЋ рЅа ріъ рЅй  C h e m e d  рѕў рЅ░ рїЇ рЅа рѕф рІФ ріЋ  рЅа рѕў рїа рЅђ рѕЮ  ріе ріе ріљ рѕЏ  рЇІ рѕГ рѕЏ рѕ▓ рІј рЅй  рЅа рЅђ рѕІ рѕЅ  ріЦ ріЊ  рЅа рЅ░ рѕў рЅ╗ рЅИ  рѕЂ ріћ рЅ│  рѕў рІх рѕђ ріњ рЅХ рЅй ріЋ  ріЦ ріЋ рІ▓ рІФ рїѕ ріЎ  рІе рѕџ рІФ рѕх рЅй рѕЇ  ріљ рІЇ рЇб
https://t.me/CheMed123\photos/photo_14@17-10-2022_17-02-40.jpg,2022-10-17T17:02:40,рЅа рѕђ ріф рѕЮ  рІе рЅ│ рІў рІЎ  рѕў рІх рѕђ ріњ рЅХ рЅй рЇц  рІФ рѕѕ рѕђ ріф рѕЮ  рЅх ріЦ рІЏ рІЮ  рІе рѕџ рѕИ рїА  рІе рѕЁ рѕў рѕЮ  рѕЏ рѕх рЅ│ рїѕ рѕ╗  рѕў рІх рѕђ ріњ рЅХ рЅй рЇА  рѕ░ рІЇ ріљ рЅх  рѕѕ рѕў рїѕ ріЋ рЅБ рЅх /  рѕѕ рѕЏ рІ│ рЅа рѕГ  рІе рѕџ рѕе рІ▒  рѕў рІх рѕђ ріњ рЅХ рЅй рЇА ріЦ ріЋ рІ▓ рѕЂ рѕЮ  ріЦ ріЋ рІ░  рѕх рі│ рѕГ  рѕў рїа ріЋ  рѕў рѕѕ ріф рІФ  рІФ рѕЅ  рІе рѕЁ ріГ рѕЮ ріЊ  рѕў рѕ│ рѕф рІФ рІј рЅй ріЋ  рЅа рѕ░ ріе ріЋ рІХ рЅй  рЇЇ рїЦ ріљ рЅх  рЅа рѕх рѕЇ ріГ рІј  рѕГ рЅђ рЅх  ріЦ ріЊ рїѕ ріЮ рѕЇ рІј рЅ│ рѕѕ ріЋ рЇА рЇА  рІе рѕў рІх рѕђ ріњ рЅ▒ ріЋ  рѕх рѕф рЅх рЇц  рѕђ рїѕ рѕГ рЇц  рІІ рїІ  ріа рѕЏ рѕГ рїа рІЇ  рѕЏ рІў рІЮ  рІГ рЅй рѕІ рѕЅ рЇА рЇА
https://t.me/CheMed123\photos/photo_15@18-10-2022_10-57-36.jpg,2022-10-18T10:57:36,"рЅарЅцрЅх рІЇрѕхрїЦ рІерІ░рѕЮ рїЇрЇірЅх рѕўрїаріЋ рѕўрѕѕріФрЅхріЊ рѕѕрІЇрїдрЅйріЋ рЅарѕўрѕўрІЮрїѕрЅЦ рѕўріерЅ│рЅ░рѕЇ рІерѕЁріГрѕЮріЊ рЅБрѕѕрѕЎрІФрІјрЅй рЅарЅђрѕІрѕЅ рѕўрѕерїЃ рѕІрІГ рЅ░рѕўрѕхрѕГрЅ░рІЇ рІерѕўрІхрѕЃріњрЅхрІјріЋ рѕўрїаріЋ рѕѕрѕЏрѕхрЅ░ріФріерѕЇ рІѕрІГрѕЮ  рѕѕрѕўрѕѕрІѕрїЦ ріЦріЋрІ▓рІѕрѕхріЉ рІГрѕерІ│рѕЇрЇб

рЅБрЅђрѕерЅЦріЋрѕЇрІј рЅЁріЊрѕй рЅарѕўрїарЅђрѕЮ рІерѕФрѕхрІјріЋ ріЦріЊ рІерЅцрЅ░рѕ░рЅЦрІјріЋ рІерІ░рѕЮ рїЇрЇірЅх рѕўрїаріЋ рЅарІерЅђріЉ рІГріерЅ│рЅ░рѕЅрЇб"
https://t.me/CheMed123\photos/photo_16@20-10-2022_15-24-01.jpg,2022-10-20T15:24:01,"рІерѕхрі│рѕГ рѕўрїаріЋрІј рѕхріЋрЅх ріљрІЇ?  

рІерІ░рѕЮ рІЇрѕхрїЦ рІерѕхрі│рѕГ рѕўрїаріЋрІјріЋ рЅарЅцрЅхрІј рІГрѕѕріЕ рЇБ рІГріерЅ│рЅ░рѕЅ рЇБ рїцріЊрІјріЋ рІГрїарЅЦрЅЂрЇАрЇА 

рЅБрЅђрѕерЅЦріЋрѕЇрІј рЅЁріЊрѕй рЅарѕўрїарЅђрѕЮ рІерѕФрѕхрІјріЋ ріЦріЊ рІерЅцрЅ░рѕ░рЅЦрІјріЋ рІерѕхрі│рѕГ рѕўрїаріЋ рЅарЅЁрѕГрЅарЅх рІГріерЅ│рЅ░рѕЅрЇб +251 91 260 3463"
https://t.me/CheMed123\photos/photo_17@24-10-2022_12-34-19.jpg,2022-10-24T12:34:19,"рІерІ░рѕЮ рідріГрѕхрїЁріЋ рѕўрїаріЋ рѕўрѕѕріфрІФ рѕўрѕ│рѕфрІФрІјрЅй рЅарЅЁріЊрѕй рІІрїІ ріарЅЁрѕГрЅаріЋрѕЇрІјрЅ│рѕЇрЇАрЇА 

рѕѕрЅ░рїерѕЏрѕф рѕўрѕерїЃ  рІГрІ░рІЇрѕЅ... рІГрІўрІЎріЋ... рЅБрѕЅрЅарЅх рЅдрЅ│ ріЦріЊрІ░рѕГрѕ│рѕѕріЋ"
https://t.me/CheMed123\photos/photo_18@28-10-2022_09-49-36.jpg,2022-10-28T09:49:36,"рѕѕрїцріЊ рЅБрѕѕрѕЎрІФрІјрЅй рІерЅђрѕерЅа┬а ріарЅЦрѕ« рІерѕўрѕхрѕФрЅх рїЦрѕф

рЅ│ріФрѕџрІјрЅй рЅарІерЅђріЉ рЅарїцріЊ рЅБрѕѕрѕЎрІФ рІерЅ│рІўрІЎрѕІрЅИрІЅріЋ рѕўрІхрѕђріњрЅх рѕѕрѕЏрїЇріўрЅх рЅЦрІЎ рЅйрїЇрѕ«рЅйріЋ рІГрїІрЇѕрїБрѕЅрЇАрЇА

ріе CheMed рїІрѕГ ріарЅЦрѕ« рЅарѕўрѕхрѕФрЅх рЅ│ріФрѕџрІјрЅйрІј рѕўрІхрѕђріњрЅх рЅарЅђрѕІрѕЅ ріЦріЋрІ▓рІФрїѕріЎ рІФрїЇрІЎрЇАрЇА

рІерЅђрѕерЅарІЅріЋ рЇјрѕГрѕЮ рЅарѕўрѕЎрѕІрЅх рІГрѕўрІЮрїѕрЅА рІерЅбрІЮріљрѕх ріарїІрѕГ рІГрѕЂріЉрЇАрЇА"
https://t.me/CheMed123\photos/photo_19@28-10-2022_12-15-09.jpg,2022-10-28T12:15:09,"рѕѕрЅ░рѕЪрѕІ рІерЅ░рѕўрїБрїаріљ рѕЮрїЇрЅЦ рЇЇрѕІрїјрЅхрІј Ensure Vanilla Supplements

ріе20 рЅарѕІрІГ ріарїЦріЋрЅх рѕѕрѕЏрїаріЋріерѕГрЇБ рїАріЋрЅ╗рІјрЅйріЋ рѕѕрѕЏрІ│рЅарѕГ ріЦріЊ рІерЅарѕйрЅ│ рѕўріерѕІріерІФ ріарЅЁрѕЮ рѕѕрѕЏрѕ│рІ░рїЇ рІерѕџрѕерІ▒ ріЋрїЦрѕеріљрїѕрѕ«рЅй рІерЅарѕѕрїИрїѕ

рЅарЅ░рѕўрїБрїБріЮ рІІрїІ ріе CheMed 

рѕѕрЅ░рїерѕЏрѕф рѕўрѕерїЃ +251 91 260 3463

рІГрІ░рІЇрѕЅ... рІГрІўрІЎріЋ... рІФрѕЅрЅарЅх рЅдрЅ│ ріЦріЊрІ░рѕГрѕ│рѕѕріЋ"
https://t.me/CheMed123\photos/photo_20@29-10-2022_23-26-28.jpg,2022-10-29T23:26:28,
https://t.me/CheMed123\photos/photo_21@09-11-2022_11-53-25.jpg,2022-11-09T11:53:25,рІе24 рѕ░рІЊрЅх рІерѕўрІхрѕђріњрЅх рІ┤рѕірЅерѕф ріарїѕрѕЇрїЇрѕјрЅх ріе CheMed
https://t.me/CheMed123\photos/photo_22@15-11-2022_08-24-41.jpg,2022-11-15T08:24:41,"рѕўрІхрѕђріњрЅх рЅцрЅхрІј рІхрѕерѕх! 

рѕўрІхрѕђріњрЅх рЅарѕўрЇѕрѕѕрїЇ рїірІюрІјріЋріЊ рїЅрѕЇрЅарЅхрІјріЋ ріарІФрЅБріГріЉ:: рІхрѕерїѕрї╗рЅйріЋріЋ рЅарѕўрїарЅђрѕЮ рѕўрІхріЃріњрЅх ріерЇѕрѕѕрїЅрЅх рЅдрЅ│ рІГрІўрІЎ рІФрѕЅрЅарЅх рЅдрЅ│ ріЦріЊрІ░рѕГрѕхрѕЇрІјрЅ│рѕѕріЋрЇАрЇА 

30 рІ░рЅѓрЅЃрЇА рЅарѕЃріфрѕЮ рІерЅ│рІўрІўрѕЇрІјрЅхріЋ рѕўрІхрѕЃріњрЅх рЅцрЅхрІј
рѕѕрѕЏрІхрѕерѕ░ рІерѕџрЇѕрїЁрЅЦріЋ рїірІю ріљрІЇрЇАрЇА  The delivery fee is fixed at 100 ETB"
https://t.me/CheMed123\photos/photo_23@15-11-2022_11-17-41.jpg,2022-11-15T11:17:41,
https://t.me/CheMed123\photos/photo_24@15-11-2022_14-51-16.jpg,2022-11-15T14:51:16,"рЅФрІГрЅ│рѕџріЋ рѕ▓ рѕѕрѕ░рІЇріљрІЇрЅ│рЅйріЋ рЅарїБрѕЮ ріарѕхрЇѕрѕІрїі рЅЦрІЎ рІерїцріЊ рїарЅђрѕюрЅ│рІјрЅй рІерѕџрѕ░рїЦ ріЋрїЦрѕе ріљрїѕрѕГ ріљрІЇрЇАрЇА 

NAT C рІерЅарѕйрЅ│ рѕўріерѕІріерѕЇ ріарЅЁрѕЮріЋ рІерѕџрІФрїјрѕѕрЅЦрЅх рЅЦрЅ╗ рѕ│рІГрѕєріЋ рїцріЊрѕЏ рЅєрІ│рЇБ рїаріЋріФрѕФ рІхрІх ріЦріЊ рїАріЋрЅ╗рІјрЅйріЋ ріЦріЋрІ▓ріќрѕеріЋ рІФрїЇрІЏрѕЇрЇб 

рЅарЅ░рѕўрїБрїБріЮ рІІрїІ ріе CheMed 

рѕѕрЅ░рїерѕЏрѕф рѕўрѕерїЃ +251 91 260 3463

рІГрІ░рІЇрѕЅ... рІГрІўрІЎріЋ... рІФрѕЅрЅарЅх рЅдрЅ│ ріЦріЊрІ░рѕГрѕ│рѕѕріЋ"
https://t.me/CheMed123\photos/photo_25@22-11-2022_11-15-47.jpg,2022-11-22T11:15:47,"рѕѕрЅ░рѕЪрѕІ рІерЅ░рѕўрїБрїаріљ рѕЮрїЇрЅЦ рЇЇрѕІрїјрЅхрІј Ensure Vanilla Supplements

ріе20 рЅарѕІрІГ ріарїЦріЋрЅх рѕѕрѕЏрїаріЋріерѕГрЇБ рїАріЋрЅ╗рІјрЅйріЋ рѕѕрѕЏрІ│рЅарѕГ ріЦріЊ рІерЅарѕйрЅ│ рѕўріерѕІріерІФ ріарЅЁрѕЮ рѕѕрѕЏрѕ│рІ░рїЇ рІерѕџрѕерІ▒ ріЋрїЦрѕеріљрїѕрѕ«рЅй рІерЅарѕѕрїИрїѕ

рЅарЅ░рѕўрїБрїБріЮ рІІрїІ ріе CheMed 

рѕѕрЅ░рїерѕЏрѕф рѕўрѕерїЃ +251 91 260 3463

рІГрІ░рІЇрѕЅ... рІГрІўрІЎріЋ... рІФрѕЅрЅарЅх рЅдрЅ│ ріЦріЊрІ░рѕГрѕ│рѕѕріЋ"
https://t.me/CheMed123\photos/photo_26@29-11-2022_10-43-06.jpg,2022-11-29T10:43:06,рІерібріЋрѕ▒рѕіріЋ рѕ▓рѕфріЋрїЁ рЅарЅЁріЊрѕй ріеChe-Med рІГрІўрІЎрЇб ріФрѕЅрЅарЅх рЅдрЅ│ рѕєріљрІЇ рІГрІўрІЎ рІФрѕЅрЅарЅх рЅдрЅ│ ріЦріЊрІ░рѕГрѕхрѕЇрІјрЅ│рѕѕріЋрЇб
https://t.me/CheMed123\photos/photo_27@30-11-2022_09-31-44.jpg,2022-11-30T09:31:44,"рѕФрѕ┤ріЋ рЅарїБрѕЮ рѕхрѕІрѕўрѕўріЮ рЅХрѕј ріЦріЋрІ▓рѕ╗рѕѕріЮ ріарѕФрЅх рЇЊрѕФрѕ┤рЅ│рѕърѕЇ рЅаріаріЋрІх рїірІю рІІрїЦріЕрЅарЅх!
ріЦріЋрІ░рІџрѕЁ рІФрѕЅ ріарЅБрЅБрѕјрЅй рЅаріаріФрЅБрЅбрІФрЅйріЋ рІерЅ░рѕѕрѕўрІ▒ ріЊрЅИрІЇрЇб
рїаріЋріерѕГ рІФрѕѕ рѕЁрѕўрѕЮ рѕ▓ріќрѕГ ріерѕЏрІўрІБ рІЇрїф рІерѕџрїѕрІЎ рІерѕЁрѕўрѕЮ рѕЏрѕхрЅ│рїѕрѕ╗ рѕўрІхрѕЃріњрЅХрЅйріЋ рЇІрѕГрѕЏрѕ▓рѕхрЅХрЅй ріерѕўріерѕГрІј рѕўрїаріЋ рЅарѕІрІГ рѕўрІЇрѕ░рІх рїјрїѓ рѕІрІГрѕўрѕхрѕЇрІј рІГрЅйрѕІрѕЇрЇб 
ріЦрІЇріљрЅ│рІЇ рїЇріЋ ріЦріљрІџрѕЁ рІерѕЁрѕўрѕЮ рѕЏрѕхрЅ│рїѕрѕ╗ рѕўрІхрѕЃріњрЅХрЅй ріерѕўрїаріЋ рЅарѕІрІГ ріерЅ░рІѕрѕ░рІ▒ рѕѕрїцріЊ рїјрїѓ рѕірѕєріЉ рІГрЅйрѕІрѕЅрЇб
рЅарЇІрѕГрѕЏрѕ▓рѕхрЅХрЅй рІерѕџрѕўріерѕерІЇ рІерѕўрІхрѕЃріњрЅх рѕўрїаріЋ рЅарїЦріЋрЅЃрЅёріЊ рЅарѕ│рІГріЋрЅ▓рЇіріГ рѕЮрѕГрѕЮрѕГ рѕѕрѕ░рІЇріљрЅ│рЅйріЋ рЅарЅѓ рѕўрѕєріЉ рІерЅ░рѕерїІрїѕрїа ріљрІѕрЇб
рѕєріќрѕЮ ріерѕЏрІўрІБ рІЇрїф рІерѕџрїѕрІЎ рІерѕЁрѕўрѕЮ рѕЏрѕхрЅ│рїѕрѕ╗ рѕўрІхрѕЃріњрЅХрЅйріЋ ріерѕўрїаріЋ рЅарѕІрІГ рѕўрІЇрѕ░рІх ріерїЦрЅЁрѕЎ рІГрѕЇрЅЁ рѕѕрѕўрІхрѕЃріњрЅХрЅй рІерїјріЋрІ«рѕй рїЅрІ│рЅх рЅЦрѕјрѕЮ рѕѕріерЇІ рѕЁрѕўрѕЮ рѕірІ│рѕГрїЅріЋ рІГрЅйрѕІрѕЅрЇб
ріљрїѕрѕГ рїЇріЋ ріерѕЏрІўрІБ рІЇрїф рІерѕџрїѕрІЎ рІерѕЁрѕўрѕЮ рѕЏрѕхрЅ│рїѕрѕ╗ рѕўрІхрѕЃріњрЅХрЅйріЋ рІѕрѕхрІ░рІЇ рІерѕЁрѕўрѕЮ рѕхрѕюрЅхрІј ріФрѕЇрЅђріљрѕ░ рЅарЅ░рѕѕрІФрІЕ рѕЮріГріЋрІФрЅХрЅй рѕірѕєріЋ рѕхрѕѕрѕџрЅйрѕЇ рІерѕџрІѕрѕхрІ▒рЅхріЋ рІерѕўрІхрѕЃріњрЅх рѕўрїаріЋ ріерѕўрїерѕўрѕГрІј рЅарЇірЅх рІерїцріЊ рЅБрѕѕрѕЎрІФ рѕЏрѕЏріерѕГ рЅЦрѕЇрѕЁріљрЅх ріљрІЇрЇб

рѕѕрЅ░рїерѕЏрѕф рѕўрѕерїЃ"
https://t.me/CheMed123\photos/photo_28@01-12-2022_09-47-22.jpg,2022-12-01T09:47:22,"рЅаChe-Med рѕўрІхрѕЃрЅхрІјріЋ рЅарѕЏрІўрІЮ рѕерїЁрѕЮ рѕ░рѕЇрЇЇ рЅарѕўрѕ░рѕѕрЇЇ рІерѕџрІФрЅБріГріЉрЅхріЋ рїірІюріЊ рїЅрѕЇрЅарЅх рІФрѕхрЅђрѕЕ!
рѕѕрЅ░рїерѕЏрѕф рѕўрѕерїЃ  рІГрІ░рІЇрѕЅ рІГрІўрІЎріЋрЇб рЅБрѕЅрЅарЅх рЅдрЅ│ ріЦріЊрІ░рѕГрѕ│рѕѕріЋрЇб"
https://t.me/CheMed123\photos/photo_29@02-12-2022_09-06-12.jpg,2022-12-02T09:06:12,Order your Antipains from Che-Med. It will be delivered to you with in 30 minutes.
https://t.me/CheMed123\photos/photo_30@02-12-2022_16-44-41.jpg,2022-12-02T16:44:41,рІеChe-Med рІерѕўрІхрѕЃріњрЅх рѕўрѕерїЃ рѕЏрІЋріерѕЇ рЅарЅЁрѕГрЅЦ рЅђріЋ!
https://t.me/CheMed123\photos/photo_31@04-12-2022_15-35-18.jpg,2022-12-04T15:35:18,
https://t.me/CheMed123\photos/photo_32@05-12-2022_08-57-22.jpg,2022-12-05T08:57:22,A n t i b i o t i c s  a r e  t h e  c u r e  f o r  e v e r y  d i s e a s e !  Y o u  m a y  h a v e  h e a r d  t h e  m i s c o n c e p t i o n  t h a t  a n t i b i o t i c s  a r e  a  c u r e - a l l  -  b u t  t h i s  i s  s i m p l y  n o t  t r u e .   f a c t s  A n t i b i o t i c s  o n l y  h e l p  b a c t e r i a l  i n f e c t i o n s .   M o s t  i l l n e s s e s  s u c h  a s  t h e  c o m m o n  c o l d  a n d  s o r e  t h r o a t  a r e  c a u s e d  b y  v i r u s e s  t h a t  d o  n o t  r e s p o n d  t o  a n t i b i o t i c s .
https://t.me/CheMed123\photos/photo_33@07-12-2022_09-43-48.jpg,2022-12-07T09:43:48,Che-Med is the best way to find your meds. Call center_ 9798
https://t.me/CheMed123\photos/photo_34@09-12-2022_07-09-49.jpg,2022-12-09T07:09:49,"C h e - M e d  рІЏ рѕг  D e c  9 , 2 0 2 2  рЅа рЅ░ рѕѕ рІФ рІЕ  рІе F M  рїБ рЅб рІФ рІј рЅй  рѕФ рѕ▒ ріЋ  рІФ рѕх рЅ░ рІІ рІЇ рЅЃ рѕЇ  рЇб   рЅа рІџ рѕЁ рѕЮ  ріе рѕџ рѕа рїБ рЅИ рІЇ  ріа рїѕ рѕЇ рїЇ рѕј рЅХ рЅй  рЅа рЅ░ рїе рѕЏ рѕф  рѕх рѕФ  рѕх рѕѕ рїђ рѕў рѕе рІЇ  ріа рІ▓ рѕ▒  рІе рѕў рІх рѕЃ ріњ рЅх  рѕў рѕе рїЃ  рІе рїЦ рѕф  рѕЏ рІЋ ріе рѕІ рЅй ріЋ  9 7 9 8  рѕ▓ рІФ рЅа рѕх рѕГ  рІ░ рѕх рЅ│  рІГ рѕа рѕЏ рІІ рѕЇ рЇб"
https://t.me/CheMed123\photos/photo_35@09-12-2022_15-28-53.jpg,2022-12-09T15:28:53,ріЦріЏ рЅа30 рІ░рЅѓрЅЃ рѕўрІхрѕЃріњрЅхрІјріЋ ріЦріЊрІ░рѕГрѕ│рѕѕріЋрЇб Join our telegram channel to join our Che-Med community.
https://t.me/CheMed123\photos/photo_36@13-12-2022_08-55-18.jpg,2022-12-13T08:55:18,"рЅарІерІѕрѕЕ рѕџрЅ│рІўрІЮрѕЇрІјрЅхріЋ ріарѕхрЇЋрѕфріЋ рѕўріЋрїѕрѕІрЅ│рЅх рѕ│рІГрїарЅарЅЁрЅЦрІјрЅх ріеChe-Med рІГрІўрІЎрЇб

рѕѕрЅ░рїерѕЏрѕф рѕўрѕерїЃрЇА
рЅарїЦрѕф рѕЏрІЋріерѕІрЅйріЋ 9798 рІѕрІГрѕЮ рІФрїЇріЎріЋрЇб"
https://t.me/CheMed123\photos/photo_37@16-12-2022_15-21-01.jpg,2022-12-16T15:21:01,"In the early 20th century, Paul Merab (real name, Petre Merabishvili) was the personal physician of Emperor Menelik II and opened the very first pharmacy in Addis. He was born in 1876 in Ude, South Georgia in a Roman Catholic community.

In 1910 Paul Merab founded the first pharmacy in Addis Ababa which he called Pharmacies de la Georgie (after the country of his birth)."
https://t.me/CheMed123\photos/photo_38@20-12-2022_10-41-33.jpg,2022-12-20T10:41:33,
https://t.me/CheMed123\photos/photo_39@20-12-2022_14-28-59.jpg,2022-12-20T14:28:59,"Order for your children from Che-Med. We will bring to you within 30 minutes.

For additional info:
                     Call us at_"
https://t.me/CheMed123\photos/photo_40@20-12-2022_20-25-05.jpg,2022-12-20T20:25:05,
https://t.me/CheMed123\photos/photo_41@22-12-2022_06-11-26.jpg,2022-12-22T06:11:26,"рѕўрІхрѕђріњрЅхрІјріЋ рѕѕрѕЏрїЇріўрЅх рІўрѕўріЊрІірІЇ рѕўріЋрїѕрІх ріљрІЇрЇАрЇА рЅарІхрѕерїѕрї╗рЅйріЋ ріарѕЏріФріЮріљрЅх рѕўрІхріЃріњрЅхрІјріЋ ріерЇѕрѕѕрїЅрЅх рЅдрЅ│ рІГрІўрІЎ рІФрѕЅрЅарЅх рЅдрЅ│ рѕўрІхрѕЃріњрЅхрІјріЋ ріЦріЊрІ░рѕГрѕхрѕЇрІјрЅ│рѕѕріЋрЇАрЇА

рЅарЅ░рїерѕЏрѕфрѕЮ рЅарїЦрѕф рѕЏрІЋріерѕІрЅйріЋ рЅарѕўрІ░рІѕрѕЇ рѕхрѕѕрѕўрІхрѕЃріњрЅх рѕўрѕерїЃ рІГрїарІГрЅЂрЇц рѕўрІхрѕЃріњрЅх рІГрІўрІЎ┬а рѕхрѕѕрїцріЊрІј рЅарѕљріфрѕърЅй рІерЅ│рїѕрІў рІерѕЏрѕЏріерѕГ ріарїѕрѕЇрїЇрѕјрЅх рІФрїЇріЎрЇАрЇА"
https://t.me/CheMed123\photos/photo_42@22-12-2022_09-40-25.jpg,2022-12-22T09:40:25,"рЅђрїарѕ« рІФрѕхрІГрІЎ!
рЅа рїЦрѕф рѕЏрІЋріерѕІрЅйріЋ рЅарѕўрІ░рІѕрѕЇ рІерїЇрЇірЅх рѕўрІхрѕЃріњрЅхрІјріЋ рЅарІерІѕрѕЕ рѕѕрѕЏрѕхрѕўрїБрЅх Che-Med рѕІрІГ рІГрѕўрІЮрїѕрЅАрЇб ріЦріЏ рІѕрѕЕріЋ рїарЅЦрЅђріЋ рѕўрІхрѕЃріњрЅхрІјріЋ рЅарѕГрІј рІхрѕерѕх ріЦріЊрІ░рѕГрѕ│рѕѕріЋрЇб

Che-Med is the best way to find your meds! *
Follow our telegram channel ­ЪЉє­ЪЉє­ЪЉє­ЪЉє­ЪЉє­ЪЉє­ЪЉє­ЪЉє­ЪЉє"
https://t.me/CheMed123\photos/photo_43@23-12-2022_09-26-15.jpg,2022-12-23T09:26:15,"рЅа рїЦрѕф рѕЏрІЋріерѕІрЅйріЋ рЅарѕўрІ░рІѕрѕЇ рІерІЋріЋрЅЁрѕГрЅх рѕЁрѕўрѕЮ рѕўрЅєрїБрїарѕГрІФ рѕўрІхрѕЃріњрЅх рЅарІерІѕрѕЕ рѕѕрѕЏрѕхрѕўрїБрЅх Che-Med рѕІрІГ рІГрѕўрІЮрїѕрЅАрЇб ріЦріЏ рІѕрѕЕріЋ рїарЅЦрЅђріЋ рѕўрІхрѕЃріњрЅхрІјріЋ рЅарѕГрІј рІхрѕерѕх ріЦріЊрІ░рѕГрѕ│рѕѕріЋрЇб

Che-Med is the best way to find your meds! *
Follow our telegram channel ­ЪЉє­ЪЉє­ЪЉє­ЪЉє­ЪЉє­ЪЉє­ЪЉє­ЪЉє­ЪЉє"
https://t.me/CheMed123\photos/photo_44@27-12-2022_20-06-32.jpg,2022-12-27T20:06:32,"Che-Med

РюеChe-Med рІерѕўрІхрѕђріњрЅхріЊ рІерѕЁріГрѕЮріЊ ріЦрЅЃрІјрЅй  ріарЇІрѕІрїі ріЦріЊ ріарЅЁрѕФрЅб рІхрѕГрїЁрЅх ріљрІЇрЇАрЇА ріе100 рЅарѕІрІГ ріарїІрѕГ рЇІрѕГрѕЏрѕ▓рІјрЅй рїІрѕГ рЅарѕўрЅ░рЅБрЅарѕГ рѕўрІхрѕђріњрЅХрЅйріЋ ріеріарїІрѕГ рЇІрѕГрѕЏрѕ▓рІјрЅй рѕЏрѕ░рЅБрѕ░рЅЦ (Pharmaceutical product aggregation), рѕўрІхрѕђріњрЅх рЇѕрѕЇрїј рѕЏрїЇріўрЅх(Matchmaking), ріЦріЊ рІ░ріЋрЅаріърЅй рІерЇѕрѕѕрїЅрЅх рЅдрЅ│ рѕўрІхрѕђріњрЅх/рІерѕЁріГрѕЮріЊ ріЦрЅЃрІјрЅйріЋ рѕЏрІхрѕерѕх (Delivery) ріарїѕрѕЇрїЇрѕјрЅХрЅйріЋ рЅарЅ┤ріГріќрѕјрїѓ рЅарѕўрЅ│рїѕрІЮ рІГрѕ░рїБрѕЇрЇАрЇА  

РюерІ░ріЋрЅаріърЅй рЅарІїрЅЦрѕ│рІГрЅ│рЅйріЋ рІѕрІГріЋрѕЮ рЅарїЦрѕф рѕЏрІЋріерѕІрЅйріЋ 9798 рЅарѕўрІ░рІѕрѕЇ рѕхрѕѕрѕўрІхрѕЃріњрЅх рѕўрѕерїЃ рѕЏрїЇріўрЅх рІГрЅйрѕІрѕЅрЇц рѕўрІхрѕЃріњрЅх рѕЏрІўрІЮ рІГрЅйрѕІрѕЅ ріаріЋрІ▓рѕЂрѕЮ рѕхрѕѕрїцріЊрЅИрІЇ ріарїарЅЃрѕІрІГ рІерѕЏрѕЏріерѕГ ріарїѕрѕЇрїЇрѕјрЅх рІФрїѕріЏрѕЅрЇАрЇА

РюерІѕрІ░ рЅ┤рѕїрїЇрѕФрѕЮ рїЇрѕЕрЇЊрЅйріЋ рѕѕрѕўрЅђрѕІрЅђрѕЇ ріерЅ│рЅй рІФрѕѕрІЇріЋ рѕіріЋріГ рІГрїФріЉрЇб"
https://t.me/CheMed123\photos/photo_45@28-12-2022_09-31-50.jpg,2022-12-28T09:31:50,Order your from Che-Med. 9798 :
https://t.me/CheMed123\photos/photo_46@28-12-2022_20-02-08.jpg,2022-12-28T20:02:08,"Buy you Power Plus supplement from Che-Med.

For more information please watch our tiktok video by pressing the link below.
­ЪЉЄ­ЪЉЄ­ЪЉЄ­ЪЉЄ­ЪЉЄ­ЪЉЄ­ЪЉЄ­ЪЉЄ­ЪЉЄ­ЪЉЄ­ЪЉЄ­ЪЉЄ­ЪЉЄ"
https://t.me/CheMed123\photos/photo_47@30-12-2022_18-45-35.jpg,2022-12-30T18:45:35,"Che-Med at Smart city symposium, National science museum.
 
Like share and subscribe our tiktok vlog.
­ЪЉЄ­ЪЉЄ­ЪЉЄ­ЪЉЄ­ЪЉЄ­ЪЉЄ­ЪЉЄ­ЪЉЄ­ЪЉЄ­ЪЉЄ­ЪЉЄ­ЪЉЄ­ЪЉЄ"
https://t.me/CheMed123\photos/photo_48@02-01-2023_10-02-55.jpg,2023-01-02T10:02:55,
https://t.me/CheMed123\photos/photo_49@03-01-2023_08-48-34.jpg,2023-01-03T08:48:34,Рюе рЅа C h e - M e d  рІе рїЦ рѕф  рѕЏ рІЋ ріе рѕЇ  9 7 9 8  рѕІ рІГ  рІ░ рІЇ рѕѕ рІЇ   рЅа рѕў рѕў рІЮ рїѕ рЅЦ  рЅа рІе рІѕ рѕЕ  рІе рѕџ рІФ рѕх рЇѕ рѕЇ рїЇ рІј рЅх ріЋ  ріб ріЋ рѕ▒ рѕі ріЋ  рЅц рЅх рІј  рЅа рѕГ  рІх рѕе рѕх  рІФ рѕх рѕў рїА рЇб
https://t.me/CheMed123\photos/photo_50@03-01-2023_20-49-48.jpg,2023-01-03T20:49:48,"рѕўрІхрѕЃріњрЅхрІјріЋ рІерѕџрІФрІЎрЅарЅхріЋ рѕўріЋрїѕрІх рІерѕџрІФрѕ│рІГ tiktok рЅфрІ▓рІ«рЇб

­ЪЉЄ­ЪЉЄ­ЪЉЄ­ЪЉЄ­ЪЉЄ­ЪЉЄ­ЪЉЄ­ЪЉЄ­ЪЉЄ­ЪЉЄ­ЪЉЄ"
https://t.me/CheMed123\photos/photo_51@04-01-2023_08-58-02.jpg,2023-01-04T08:58:02,"Che-Med рЅарІ░рѕЮрЅаріърЅ╗рЅйріЋ рЇЇрѕІрїјрЅх рѕўрѕ░рѕерЅх Nature made vitamin supplement рІГрІърѕІрЅйрѕЂ рѕўрїДрѕЇрЇб

рЅарЅЂрїЦрѕГ рІЇрѕхріЋ рѕхрѕѕрѕєріЉ рЅђрІхрѕўрІЇ рІГрІўрІЎріЋрЇб

рѕѕрѕЏрІўрІЮрЇд
Our pharmacist: Our call center: Follow our channel and stay tuned Che-Med the best way to find your meds!"
https://t.me/CheMed123\photos/photo_52@06-01-2023_09-05-01.jpg,2023-01-06T09:05:01,
https://t.me/CheMed123\photos/photo_53@06-01-2023_12-31-17.jpg,2023-01-06T12:31:17,­Ъјё C h e - M e d  рѕѕ рѕў рѕІ рІЇ  ріГ рѕГ рѕх рЅх рІФ ріЋ  рЅц рЅ░ рѕ░ рЅд рЅ╗ рЅй ріЋ  рѕў рѕЇ ріФ рѕЮ  рІе рїѕ ріЊ  рЅа рІЊ рѕЇ  ріЦ ріЋ рІ▓ рѕє ріЋ рѕЇ рІј  рІГ рѕў ріЏ рѕЇ рЇб   рѕў рѕЇ ріФ рѕЮ  рЅа рІЊ рѕЇ ! !
https://t.me/CheMed123\photos/photo_54@06-01-2023_19-06-21.jpg,2023-01-06T19:06:21,"tiktok рѕІрІГ ріЦріЋріЋрїѕрѕГрІјрЇб

рѕѕрѕЏрІерЅхрЇА рЅарЅЂрїЦрѕГ рІЇрѕхріЋ рѕхрѕѕрѕєріЉ рЅђрІхрѕўрІЇ рІГрІўрІЎріЋрЇб

рѕѕрѕЏрІўрІЮрЇд
Our pharmacist: Our call center: Follow our channel and stay tuned Che-Med the best way to find your meds!"
https://t.me/CheMed123\photos/photo_55@13-01-2023_12-44-14.jpg,2023-01-13T12:44:14,"Che-Med рІГрІърѕІрЅйрѕЂ рѕўрїДрѕЇрЇб

рЅарЅЂрїЦрѕГ рІЇрѕхріЋ рѕхрѕѕрѕєріЉ рЅђрІхрѕўрІЇ рІГрІўрІЎріЋрЇб

рѕѕрѕЏрІўрІЮрЇд
Our pharmacist: Our call center: Che-Med the best way to find your meds!"
https://t.me/CheMed123\photos/photo_56@13-01-2023_15-48-47.jpg,2023-01-13T15:48:47,"Che-Med рІГрІърѕІрЅйрѕЂ рѕўрїДрѕЇрЇб

рЅарЅЂрїЦрѕГ рІЇрѕхріЋ рѕхрѕѕрѕєріЉ рЅђрІхрѕўрІЇ рІГрІўрІЎріЋрЇб

рѕѕрѕЏрІўрІЮрЇд
Our pharmacist: Our call center: Che-Med the best way to find your meds!"
https://t.me/CheMed123\photos/photo_57@16-01-2023_12-26-09.jpg,2023-01-16T12:26:09,"Рџа№ИЈ Dear esteemed customers,
Due to four-days motorbike movement restrictions, we have limited our services to matchmaking,drug information and medical consultation only. ­ЪћЁWe will make deliveries for whom the medications are urgent.
­ЪћЁYou can book deliveries starting from Friday, Jan 20."
https://t.me/CheMed123\photos/photo_58@16-01-2023_13-13-42.jpg,2023-01-16T13:13:42,­Ъћх Our pharmacist: Our call center: Website: Che-Med the best way to find your meds!
https://t.me/CheMed123\photos/photo_59@16-01-2023_16-41-35.jpg,2023-01-16T16:41:35,"held fruit-bearing discussion at radio program on Fana 98.1FM about digital health care and privacy and security of E-commerce.

We discussed in details current trends in digital healthcare, It's benefits, challenges, and opportunities.

You can listen to us at 08:00PM tonight and increase your understanding about the current activities of digital health care and its future.

Che-Med"
https://t.me/CheMed123\photos/photo_60@17-01-2023_11-43-12.jpg,2023-01-17T11:43:12,"­Ъїъ .

Che-Med  рІГрІърѕІрЅйрѕЂ рѕўрїДрѕЇрЇб

рЅарЅЂрїЦрѕГ рІЇрѕхріЋ рѕхрѕѕрѕєріЉ рЅђрІхрѕўрІЇ рІГрІўрІЎріЋрЇб

рѕѕрѕЏрІўрІЮрЇд
Our pharmacist: Our call center: Che-Med is the best way to find your meds!"
https://t.me/CheMed123\photos/photo_61@23-01-2023_13-39-20.jpg,2023-01-23T13:39:20,"рѕѕрѕ░рѕъріЉ рїЅріЋрЇІріЋ рѕЏрѕхрЅ│рїѕрѕ╗ рЅаріаріЋрІ░ріЮріљрЅх рЅ░рѕўрѕФрїГ рІерѕєріљрІЇріЋ Che-Med рІГрІърѕІрЅйрѕЂ рѕўрїДрѕЇрЇб

рЅарЅЂрїЦрѕГ рІЇрѕхріЋ рѕхрѕѕрѕєріЉ рЅђрІхрѕўрІЇ рІГрІўрІЎріЋрЇб

рѕѕрѕЏрІўрІЮрЇд
Our pharmacist: Our call center: Our website: Che-Med is the best way to find your meds!"
https://t.me/CheMed123\photos/photo_62@26-01-2023_21-27-53.jpg,2023-01-26T21:27:53,"The U.S. pharmaceutical industry is the largest in the world, making up about 40% of the worldwide drug development, manufacturing, and revenue generation. And half of the worldРђЎs top 10 pharmaceutical companies are in America, including the headquarters for Johnson & Johnson, Pfizer, Merck and Co., AbbVie, Eli Lilly and Co., and Abbott Laboratories. In fact, Johnson & JohnsonРђЎs revenue alone reached $82.6 billion in 2020."
https://t.me/CheMed123\photos/photo_63@27-01-2023_10-18-40.jpg,2023-01-27T10:18:40,Our pharmacist: Our call center: Our website:
https://t.me/CheMed123\photos/photo_64@30-01-2023_12-45-25.jpg,2023-01-30T12:45:25,"ріЦріЋрІ░ Ciprofloxacin, Doxycycline, Levothyroxine, Iron supplement рІФрѕЅ рѕўрІхрѕЃріњрЅХрЅйріЋ ріерІѕрЅ░рЅх ріЦріЊ ріерІѕрЅ░рЅх рЅ░рІІрЇЁрІќрІјрЅй рїІрѕГ ріЦріЋрІ▓рѕЂрѕЮ ріеріЦріЋрЅЂрѕІрѕЇ рїІрѕГ рѕўрІЇрѕ░рІх рѕўрІхрѕЃріњрЅХрЅ╣ рЅарѕ░рІЇріљрЅ│рЅйріЋ рІерѕџрЇѕрѕѕрїѕрІЇріЋ рѕхрѕФ ріЦріЋрІ│рІГрѕ░рѕЕ рІФрІ░рѕГрїІрЅИрІІрѕЇрЇб

рІГрѕЁрѕЮ рЅарІѕрЅ░рЅх рЅ░рІІрїйрідрІјрЅй рІЇрѕхрїЦ рІФрѕѕрІЇ ріФрѕЇрѕ▓рІерѕЮ ріЦріљрІџрѕЁ рѕўрІхрѕЃріњрЅХрЅй рЅарѕ░рІЇрЅ│рЅйріЋ рІѕрѕхрїЦ ріЦріЋрІ│рІГрІІрѕЁрІ▒ рїБрѕЇрЅЃ рѕхрѕѕрѕџрїѕрЅБ ріљрІЇрЇб"
https://t.me/CheMed123\photos/photo_65@31-01-2023_12-19-53.jpg,2023-01-31T12:19:53,"рѕЮрїЇрЅЦріЊ рѕўрїарїдрЅй ріаріЋрІ│ріЋрІх рѕўрІхрѕЃріњрЅХрЅй рЅарІ░ріЋрЅЦ ріЦріЋрІ│рІГрѕ░рѕЕ рѕірІФрІ░рѕГрїЅ рІГрЅйрѕІрѕЅрЇб рЅарІџрѕЁ рѕЂріћрЅ│ ріЦріљрІџрѕЁріЋ рѕўрІхрѕЃріњрЅХрЅй рѕЮрїЇрЅЦ ріерІѕрѕ░рІхріЋ ріе1 рѕ░рІЊрЅх ріЦрѕхріе 2 рѕ░рІЊрЅх рЅБрѕѕ рїірІю рІЇрѕхрїЦ рѕўрІЇрѕ░рІх рІФрѕхрЇѕрѕЇрїЇрІјрЅ│рѕЇрЇб

ріеріљрІџрѕЁрѕЮ рІѕрѕхрїЦ рІГрїарЅђрѕ│рѕЅрЇб

рѕўрІхрѕЃріњрЅхрІј ріерѕЮрїЇрЅЦ рїІрѕГ рІФрѕѕрІЇріЋ ріарІѕрѕ│рѕ░рІх ріЦрѕГрїЇрїаріЏ ріФрѕЇрѕєріЉ рѕЃріфрѕЮрІјріЋ рІѕрІГрѕЮ рЇІрѕГрѕЏрѕ▓рѕхрЅхрІјріЋ рІФрѕЏріГрѕЕрЇб"
https://t.me/CheMed123\photos/photo_66@01-02-2023_11-59-37.jpg,2023-02-01T11:59:37,"рЅарѕЃріфрѕЮ рѕўрІхрѕЃріњрЅх рѕЏрІўрІБ ріерѕџрЅ│рІўрІЎ ріаріЋрЅ▓рЅБрІ«рЅ▓рі«рЅй ріаріЋрІ▒ рѕ▓рѕєріЋ рЅарѕГріерЅх рІФрѕЅ рЅБріГрЅ┤рѕГрІФрІјрЅйріЋ рІГрїѕрѕІрѕЇрЇб

рЅарЅђріЋ ріаріЋрІ┤ рѕѕ3 рЅђріЊрЅх рѕЮрїЇрЅЦ ріерѕўрЅЦрѕІрЅ│рЅйріЋ 1 рѕ░рІЊрЅх рЅђрІ░рѕЮ рЅЦрѕј рІѕрІГріЋрѕЮ ріерЅарѕІріЋ ріе 2 рѕ░рІЊрЅх рЅаріІрѕІ рѕўрІѕрѕ░рІх рІГріќрѕГрЅарЅ│рѕЇрЇб

­ЪЊїрІерѕЃріфрѕЮ рѕЏрІўрІБ ріФрѕЇрІјрЅх 
рЅарЅ┤рѕїрїЇрѕФрѕЮ рІїрЅЦрѕ│рІГрЅх- рІГрѕІріЕрѕЇріЋрЇб"
https://t.me/CheMed123\photos/photo_67@02-02-2023_11-58-52.jpg,2023-02-02T11:58:52,"Mela-One рЅарІЇрѕхрїА рѕєрѕГрѕъріЋ рІФрѕѕрІЇ рІхріЋрїѕрЅ░ріЏ рІѕрѕірІх рѕўрЅєрїБрїарѕГрІФ рѕ▓рѕєріЋ рІФрѕѕрѕўріерѕІріерІФ рІерЅ░рІ░рѕерїѕ рІерїЇрЅЦрѕерѕхрїІ рїЇріЋріЎріљрЅх рѕ▓ріќрѕГ рЅа72 рѕ░рІЊрЅ│рЅх рІѕрѕхрїЦ рѕўрІѕрѕ░рІх рІГріќрѕГрЅарЅ│рѕЇрЇб

­ЪЊїріеChe-Med рѕѕрѕЏрІўрІЮрЇА 
рЅарЅ┤рѕїрїЇрѕФрѕЮ рїЇрѕЕрЇЊрЅйріЋ- рІїрЅЦрѕ│рІГрЅх- рІГрІўрІЎріЋрЇб"
https://t.me/CheMed123\photos/photo_68@10-02-2023_15-23-06.jpg,2023-02-10T15:23:06,"Рџа№ИЈ Dear esteemed customers,
Due to four-day motorbike movement restrictions, we have limited our services to matchmaking,drug information, and medical consultation only. ­ЪћЁWe will make deliveries for those for whom the medications are urgent.
­ЪћЁYou can book deliveries starting from Monday, February 13, 2023"
