date,text,sender
2022-04-28 05:46:38+00:00,рѕЃрІФрЅх рѕєрѕхрЇњрЅ│рѕЇ рѕюрІ▓ріФрѕЇ рі«рѕїрїЁрѕЁріГрѕЮріЊ рѕѕрѕЏрїЇріўрЅх ріарѕхрЅарІІрѕЇ ?рІерЅх рѕўрѕёрІхрѕх ріЦріЋрІ│рѕѕрЅдрЅх рїЇрѕФ рїѕрЅЦрЅХрЅх рІГрѕєріЋ?рѕЃрІФрЅх рѕєрѕхрЇњрЅ│рѕЇ рЅа ріарІ▓рѕх ріарѕхрЅ░рІ│рІ░рѕГ ріЦріЊ ріЋрЇЁрѕЁріЊрІЇріЋ рЅарїарЅарЅЃрІЇ рѕєрѕхрЇњрЅ│рѕІрЅйріЋ рЅа ріерЇІрЅ░ріЏ рѕхрЇћрѕ╗рѕірѕхрЅх рѕЃріфрѕърЅ╗рЅйріЋ  рѕѕріЊріЋрЅ░ рѕЇрІ« рІерѕєріљ рІерїцріЊ ріарїѕрѕЇрїЇрѕјрЅх рѕѕрѕўрѕхрїарЅх рЅарѕФрЅйріЋ ріГрЇЇрЅх рѕўрѕєріЉріЋ ріЦрІФрѕ│рІѕрЅЁріЋрЇбрѕЏріЋріЏрІЇрѕЮ ріарІГріљрЅх рІерїцріЊ ріарїѕрѕЇрїЇрѕјрЅх ріЦріЏ рїІрѕГ рІФрїѕріЏрѕЅ рЇбрІГрѕЮрїА ріЦріЊ ріЦріЋрѕЏріерѕГрЅдрѕї рѕъріцріЋрі« рЇірЅх рѕѕ рЇірЅх рІФрїѕріЎріЊрѕЇ,Unknown
2022-05-01 11:13:33+00:00,"ріерѕ│рѕЮріЋрЅх рЅарЇірЅх рЅарѕѕрЅђрЅЁріљрІЇ рЅдрѕГрїГріЋ рЅарѕЁріГрѕЮріЊ ріЦріЋрІ┤рЅх рѕЏрїЦрЇІрЅх рІГрЅ╗рѕІрѕЇ рЅарѕџрѕѕрІЇ рѕГріЦрѕ│рЅйріЋріе 100,000 рЅарѕІрІГ ріЦрІГрЅ│ріЋ ріарїЇріЮрЅирѕЇ рЇбрѕхрѕѕрѕєріљрѕЮ рЅдрѕГрїГріЋ ріерѕЮріЊрїарЇІрЅарЅх рІІріЊ рѕўріЋрїѕрІХрЅй рІІріЊ ріарѕЏрѕФрїГ рІерѕєріљрІЇ рѕхрЇќрѕГрЅ│рІі ріЦріЋрЅЁрѕхрЅЃрѕ┤ рѕ▓рѕєріЋріЦрЅцрЅх рІЇрѕхрїЦ рѕєріљріЋ ріЦріљрІџрѕЁріЋ рЅђрѕѕрѕЇ рІФрѕЅ рѕхрЇќрѕГрЅ│рІі ріЦріЋрЅЁрѕхрЅЃрѕ┤рІјрЅйріЋ рЅарѕЏрІхрѕерїЇ рЅдрѕГрїГріЋ рѕЏрїЦрЇІрЅх рІГрЅйрѕІрѕЅріарѕЂріЋ рЅа рІ«рЅ▓рІЇрЅЦ рЅ╗ріЊрѕІрЅйріЋ рЅарѕўрѕёрІхISSA certified personal TrainerрЅхріЋрѕ│рІГ рЅЦрѕГрѕЃріЉ рїІрѕГ рЅєрІГрЅ│ ріарІхрѕГрїѕріЊрѕЇрЇбрЅарЅђрѕІрѕЅ рЅдрѕГрїГріЋ рІФрїЦрЇЅрЅдрѕї рЅАрѕЇрЅАрѕІ рѕЏрѕфрІФрѕЮ рѕЏрІърѕфрІФрЇљрѕЇрѕх рЇірЅхріљрѕх рїѓрѕЮріЊрІџрІерѕЮ рЅарѕўрѕЮрїБрЅх ріарЅЦрѕерІЇріЋ рѕўрѕхрѕФрЅх рІГрЅйрѕІрѕЅhttps://youtu.be/zZCUggh-1DA",Unknown
2022-05-06 17:51:05+00:00,рІЏрѕг рѕЮрѕйрЅх 3:30 рЅа рЇІріЊ рЅ┤рѕїрЅфрІЦріЋрѕхрѕѕ рЇЋрѕ«рЅ▓ріЋ : ріГрѕгрЅ▓ріЋ рЇЊрІЇрІ░рѕ«рЅй рѕЮріЋ рѕЏрІѕрЅЁ рІГрЇѕрѕЇрїІрѕЅ?рЅБрѕЂріЉ рѕ░ріарЅх рЅа рѕЏрѕЁрЅарѕФрІі рѕџрІ▓рІФ рЅа ріерЇІрЅ░ріЏ рѕЂріћрЅ│ ріЦрІерЅ░рѕИрїА рІерѕџрїѕріЎ ріЦріљрІџрѕЁ рЇќрІЇрІ░рѕ«рЅйріЦрІЇріљрЅх рѕѕ ріЕрѕІрѕірЅх рѕЁрѕўрѕЮ рІФрїІрѕЇрїБрѕЅ рІѕрІГ?рЅарЅ░рїерѕЏрѕфрѕЮ ріЦрЅцрЅХ рѕєріљрІЇ ріЦріљрІџрѕЁріЋ ріЦріЋрЅЁрѕхрЅЃрѕ┤рІјрЅй  рЅарѕЏрІхрѕерїЇ рїцріЊрІјріЋ рІГрїарЅЦрЅЂрЇбрѕхрЇќрѕГрЅх рѕ▒рѕх рІГрѕєріЊрѕЇ рІѕрІГ ? рѕўрѕЇрѕ▒ріЋ рЅа рЇІріЊ рЅ┤рѕїрЅфрІЦріЋ рІГрїарЅЦрЅЂріЋрЇб3:30 рЅа рЇІріЊ рЅ┤рѕїрЅфрІЦріЋ,Unknown
2022-05-07 18:22:14+00:00,рЅарЅЦрІЎ рѕЏрѕЁрЅарѕФрІі рѕџрІ▓рІФрІјрЅй рЅа ріерЇІрЅ░ріЏ рѕЂріћрЅ│ ріЦрІерЅ░рѕИрїа рІФрѕѕрІЇрЇЋрѕ«рЅ▓ріЋ- ріГрѕгрЅ▓ріЋ рЇќрІЇрІ░рѕ«рЅй ріЦріЊ  рѕїрѕјрЅй рІФрІѕрЇЇрѕФрѕЇ рЅ░рЅЦрѕѕрІЇ рІерѕџрѕИрїА рЇЊрІЇрІ░рѕ«рЅй ріЦрІЇріљрЅх рїЦрЅЁрѕЮ ріарѕІрЅИрІЇ рІѕрІГ ?рѕЮріЋ ріарѕЇрЅБрЅх рѕѕрѕЇрїє рѕўрїЇрІЏрЅх ріарѕхрЅарІЇ рІГрѕєріЊрѕЇ ?рІѕрІГрѕЮ рЅБрѕЂріЉ рѕ░ріарЅх рїѕрІЮрЅ░рІЇ ріЦрІерЅ░рїарЅђрѕЎрѕЮ рІГрѕєріЊрѕЇ ?рІѕрІГріЋрѕЮ рІ░рїЇрѕъ рѕѕрѕўрїЇрІЏрЅх ріарѕхрЅарІЇ рІерЅхріЏрІЇ рЇќрІЇрІ░рѕГ рѕЇрїарЅђрѕЮ ріЦрІФрѕЅ ріљрІЇ ?рЅарІџрѕЁ рЅфрІ▓рІ« рѕЎрѕЅ рѕўрѕЇрѕ▒ріЋ рѕўрѕЇрѕ░ріЊрѕЇ !!!рѕЂрѕЅрѕЮ рѕ░рІЇ рѕўрІЇрѕ░рІх рІГрЅйрѕІрѕЇ рІѕрІГ ?ріЦрІхрѕюрѕх рїѕрІ░рЅЦ ріарѕѕрІЇ рІѕрІГ ??рѕѕ ріЕрѕІрѕірЅх рѕЁрѕўрѕЮрѕх рІФрїІрѕЇрїБрѕЇ рІѕрІГ ?рІЇрѕЃ рЅарІ░ріЋрЅЦ рїарїА рѕѕрѕЮріЋ рЅ░рЅБрѕѕ ?ріЦріљрІџрѕЁріЋ рІІріЊ ріљрїѕрѕ«рЅй рѕІрІГ рѕўрѕЇрѕх рѕ░рїаріЊрѕЇ ріарѕЂріЉріЉ рІГрѕўрѕЇріерЅ▒ !ріЦрѕГрѕХ рЅБрІГрїарЅђрѕЎ рѕїрѕІ рЅцрЅ░рѕ░рЅд рѕірїарЅђрѕЮ рѕхрѕѕрѕџрЅйрѕЇ рѕ╝рѕГ рЅарѕЏрІхрѕерїЇ рѕѕрѕЂрѕЅрѕЮ рѕ░рІЇ ріЦріЊрІхрѕГрѕхріерІџрѕЁ рЅарЇірЅх ріЦріљрІџрѕЁріЋ рЇЊрІЇрІ░рѕ«рЅй рІерѕџрїарЅђрѕЎ ріерѕєріљрѕЇрѕЮрІХріЋ рЅа рІ«рЅ▓рІЇрЅЦ рі«рѕюріЋрЅх рѕІрІГ рІФрѕхрЅђрѕЮрїАрѕЇріЋ­ЪЉЄ­ЪЉЄ­ЪЉЄ­ЪЉЄ­ЪЉЄ­ЪЉЄ­ЪЉЄ­ЪЉЄ­ЪЉЄ­ЪЉЄ­ЪЉЄ­ЪЉЄ­ЪЉЄ­ЪЉЄрЅ░рїГріљрІЇ рІГрѕўрѕЇріерЅ▒https://youtu.be/43t6CLizU28,Unknown
2022-05-15 15:59:10+00:00,рѕЇрїєрЅй рѕІрѕІрЅйрѕЂ / ріарЅБрЅх ріЦріЊрЅх рІѕрІГріЋрѕЮ ріЦрѕЁрЅх рІѕріЋрІхрѕЮ / рЅарЅЁрѕГрЅА рѕЇрїЁ рѕѕрѕўрІЇрѕѕрІх рІерѕЮрЅ│рѕхрЅА / рЅБрѕЂріЉ рѕ░ріарЅх ріЦрѕГрїЇрІЮріЊ рѕІрІГ рѕІрѕІрЅйрѕЂ рЇбрѕЇрїєрЅй ріаріЋрІ│ріЋрІх рїЇрІю рѕЮрїЇрЅЦ ріарѕЇрѕўрїѕрЅЦ рІГрѕІрѕЅ  рІГрѕЁ рІ░рїЇрѕъ рѕѕрІѕрѕІрїЁ рЅарїБрѕЮ ріарѕхрїеріЊрЅѓ ріљрїѕрѕГ ріљрІЇ !рѕЁрЇЃріЊрЅх рѕЮрїЇрЅЦ ріарѕЇрѕўрїѕрЅЦ рІерѕџрѕЅрЅх рЅарѕЮріЋ рѕЮріГріЋрІФрЅх рІГрѕєріЋ ?рѕЁрЇЃріЊрЅх  ріерЅ░рІѕрѕѕрІ▒ 1 рѕ░рІљрЅх рїђрѕЮрѕ« рІеріЦріЊрЅх рїАрЅх рІѕрЅ░рЅхріЋ рѕЏрїЇріўрЅх ріарѕѕрЅБрЅИрІЇ : рІеріЦріЊрЅх рїАрЅх рІѕрЅ░рЅхріЋ рІерѕџрІѕрѕхрІ▒ рѕЇрїєрЅй рІѕрІ░рЇірЅх рІерѕўрІѕрЇѕрѕГ ріЦрІхрѕІрЅИрІЇ рЅарЅарѕйрЅ│ рІерѕўрїарЅЃрЅх ріЦрІхрѕІрЅИрІЇ ріаріљрѕхрЅ░ріЏ ріљрІЇ рЇбрѕЁрЇЃріЊрЅх рѕхрІхрѕхрЅх рІѕрѕГ рѕ▓рѕърѕІрЅИрІЇ рЅ░рїерѕЏрѕф рѕЮрїЇрЅЦ рѕўрѕўрїѕрЅЦ рѕ▓рЇѕрѕЇрїЅ ріаріЋрІ│ріЋрІх рѕЮрѕЇріГрЅХрЅйріЋ рІФрѕ│рІФрѕЅрЇбрѕЁрЇЃріЊрЅх рІерѕЮрїЇрЅЦ рѕўрѕўрїѕрЅЦ рЇЇрѕІрїјрЅ│рЅИрІЇ рѕѕрѕЮріЋ рІГрЅђріЋрѕ│рѕЇ ?рІХ/рѕГ ріцрѕЇрѕ│рЅцрїЦ рѕѕрІџрѕЁ рѕўрѕЇрѕх рІГрѕЁріЋ рЅхрѕѕріЊрѕѕрЅйрЅа рІ«рЅ▓рІЇрЅЦ рЅ╗ріЊрѕІрЅйріЋ рѕІрІГ рІе рІХ/рѕГріЋ рѕхрѕЇріГ рІФрѕхрЅђрѕўрїЦріЋ рѕ▓рѕєріЋ рЅа рїЇрѕЇ рѕѕрѕЏрѕЏріерѕГ рѕўрІ░рІѕрѕЇ рЅхрЅйрѕІрѕІрЅйрѕЂ рЇб­ЪЉЄ­ЪЉЄ­ЪЉЄ­ЪЉЄhttps://youtu.be/V6zWVHcyFXI,Unknown
2022-05-20 18:04:53+00:00,ріерЅхріЋрѕй рїЇрІџрІФрЅх рЅарЇірЅх рѕхрЇќрѕГрЅх рѕўрѕхрѕФрЅх ріЦріЋрІ░ рЅЁріЋрїдрЅх рІГрЅ│рІГ ріљрЅарѕГ ріарѕЂріЋ рѕІрІГ рїЇріЋ рЅа рѕхрЇќрѕГрЅх рѕўрѕхрѕФрІФ рЅдрЅ│рІјрЅй рѕІрІГ рЅЦрІЎрІјрЅй рѕ▓рѕ░рѕЕ рІГрЅ│рІФрѕЇрІГрѕЁріЋріЋрѕЮ рЅ░ріерЅхрѕј рѕхрЇќрѕГрЅх рѕЏрІѕрЅЁ рІФрѕѕрЅЦріЋ рЅарїБрѕЮ ріарѕхрЇѕрѕІрїі ріљрїѕрѕГ ріарѕѕ!рЅЦрІЎ рѕ░рІЇ ріаріЋрІх ріарѕўрЅх рІФрѕЁрѕЇ рѕ░рѕГрЅ╗рѕѕрІЇ рѕѕрІЇрїЦ рѕЮріЋрѕЮ рІерѕѕріЮрѕЮ ! рѕхрЇќрѕГрЅх рїЦрЅЁрѕЮ рІерѕѕрІЇрѕЮ рІГрѕІрѕЇріЦріЏ рѕЮріЋ рѕўрѕхрѕФрЅх ріЦріЋрІ│рѕѕрЅдрЅх рѕџрѕхрїЦрѕЕріЋ ріЦріЋріЋрїѕрѕ«рЅх!ріерІџ рЅаріІрѕІ рїірІюрІјріЋ рѕ│рІФрЅБріГріЉ рЅаріарїГрѕГ рїЇрІю рІЇрѕхрїЦрѕѕрІЇрїдріЋ рІФрІФрѕЅрЇбрЅарІџрѕЁ рІ«рЅ▓рІЇрЅЦ рЅфрІ▓рІ« рѕІрІГрѕЮріЋ рѕўрѕхрѕФрЅх ріЦріЋрІ│рѕѕрЅдрЅх рѕѕ рїђрѕЏрѕф ріЦріЋрІ▓рѕЂрѕЮ рЅарѕўрѕхрѕФрЅх рѕІрІГ рѕІрѕІрЅ╣ріарїГрѕГ рЅфрІ▓рІ« рІГрѕўрѕЇріерЅ▒­ЪЉЄ­ЪЉЄ­ЪЉЄ­ЪЉЄ­ЪЉЄ­ЪЉЄhttps://youtu.be/_IEWt07bECg,Unknown
2022-05-31 17:51:13+00:00,рІхріЋрїѕрЅ░ріЏ ріарІ░рїІ / рІеріарїЦріЋрЅх рѕхрЅЦрѕФрЅхріарІФрѕГрїѕрІЇріЊ рІхріЋрїѕрЅ░ріЏ рІерѕєріљ ріарІ░рїІ рЅбрІ░рѕГрѕхрЅд рѕЮріЋ рѕЏрІхрѕерїЇ ріЦріЋрІ│рѕѕрЅд рІФрЅЃрѕЅ?рЅарѕЃрїѕрѕФрЅйріЋ рІерѕўріфріЊ ріарІ░рїІ рЅа ріерЇЇрЅ░ріЏ рІ░рѕерїЃ ріарІерїерѕўрѕе ріЦріЊ рІерЅЦрІЎ рѕ░рІјрЅйріЋ рѕѓрІѕрЅх ріЦрІерЅђрїарЇѕрѕЮ рІГрїѕріЏрѕЇ рЇбрЅарѕЃрїѕрѕФрЅйріЋ рІФрѕѕрІЇрѕЮ рІѕрЅЁрЅ│рІі рѕЂріћрЅ│рѕЮ рїдрѕГріљрЅХрЅй рЅЦрІЎ рѕ░рІјрЅйріЋ рѕѕ рІхріЋрїѕрЅ░ріЏ рІерѕєріљ ріарІ░рїІрІјрЅй : рѕхрЅЦрѕФрЅХрЅй рІФрїІрѕЇрїБрѕЇрЇбрІХ/рѕГ рЅЃрѕЇрЅѓрІ│ріЋ (ріарїЦріЋрЅх рѕхрЇћрѕ╗рѕірѕхрЅх рѕЃріфрѕЮ) рѕхрѕѕ рІхріЋрїѕрЅ░ріЏ ріарІ░рїІ ріЦріЊ рѕхрЅЦрѕФрЅХрЅй ріарЅЦрѕФрѕГрЅХрѕЇріЊрѕЇріЦрѕГрѕХрѕЮ рІГрѕЁ рЅйрїЇрѕГ рЅбрІ░рѕГрѕхрЅд рѕЏрІхрѕерїЇ рІФрѕѕрЅдрЅхріЋ ріљрїѕрѕГ рЅђрІхрѕўрІЇ рІГрІѕрЅЂрІХріГрЅ░рѕГрѕх рібрЅхрІ«рїхрІФ рЅа ріарІ│рІ▓рѕх рЇЋрѕ«рїЇрѕФрѕърЅйріЊ рІеріЊріЋрЅ░ріЋ рїЦрІФрЅёрІјрЅй рЅарѕХрѕ╗рѕЇ рѕџрІ▓рІФ рѕўрѕЇрѕх рІерѕџрІФрїѕріЎрЅарЅхріЋ рѕўріЋрїѕрІх ріЦрІФрѕхрЅ░ріФріерѕЇріЋ рѕ▓рѕєріЋ ріе рЅхріЋрѕй рІе ріЦрѕерЇЇрЅх рїЇрІюрІФрЅх рЅаріІрѕІ рЅа рЅ┤рѕїрЅфрІЦріЋ рЇЋрѕ«рїЇрѕЏрЅйріЋ рЅа рЇІріЊ рЅ┤рѕїрЅфрІЦріЋ рІФрїѕріЎріЊрѕЇріерЅ│рЅй рІФрѕѕрІЇріЋ рЅарѕўрїФріЋ рІГрѕўрѕЇріерЅ▒!­ЪЉЄ­ЪЉЄ­ЪЉЄ­ЪЉЄ­ЪЉЄ­ЪЉЄ­ЪЉЄhttps://youtu.be/QI-8oqW80uI,Unknown
2022-06-12 17:15:47+00:00,рѕхрЇќрѕГрЅх рІерѕўрѕхрѕФрЅх рѕ▒рѕх рІГріќрѕГ рІГрѕєріЋ?рЅаріарѕЂріЉ рІѕрЅЁрЅх рЅЦрІЎ рІерѕхрЇќрѕГрЅх рѕўрѕхрѕфрІФ рЅдрЅ│рІјрЅй рЅ░рїеріЊріЋрЅђрІЇ рІГрЅ│рІФрѕЇрѕхрЇќрѕГрЅх рѕўрѕхрѕФрЅх рѕѕрїцріЊ рїарЅЃрѕџ рЅбрѕєріЋрѕЮ ріЦріЋрІ│ріЋрІх рїЇрІю рїЇріЋ ріерІЏ рЅарѕІрІГрѕЮ ріарѕЇрЇј рѕхрЇќрѕГрЅх ріФрѕЇрѕ░рѕФрІЇ рІ▓рЇЋрѕгрѕйріЋ рІЇрѕхрїЦ рїѕрЅБрѕѕрІЇ / рѕ░рІЇріљрЅ┤ рІГрЅарѕІрѕ╗рѕЇ рІерѕџрѕЅ рѕ░рІјрЅйрѕЮ ріарѕЅ!рѕ▒рѕх рѕЏрѕѕрЅх рѕФрѕхріЋ рѕѕ рѕєріљ ріљрїѕрѕГ рЅ░рїѕрІб рѕЏрІхрѕерїЇ ріљрІЇ!рѕхрѕѕрІџрѕЁ рѕхрЇќрѕГрЅх рѕўрѕхрѕФрЅх ріЦрІЇріљрЅх рѕ▒рѕх рІГрѕєріЋ?­ЪЉЄ­ЪЉЄ­ЪЉЄрѕЎрѕЅ рЅфрІ▓рІ«рІЇріЋ рЅа рІ«рЅ▓рІЇрЅЦ рІГрѕўрѕЇріерЅ▒рѕхрЇќрѕГрЅх рЅцрЅх (рїѓрѕЮ) рѕѕрѕџрІФрЅарІЎ рѕЂрѕЅ рѕ╝рѕГ рІФрІхрѕГрїЅ!­ЪЉЄ­ЪЉЄ­ЪЉЄhttps://youtu.be/WPlRuRtQXN8,Unknown
2022-08-02 17:42:08+00:00,ріГрѕерѕЮрЅ▒ріЋ рѕхрЇќрѕГрЅх рѕўрѕхрѕФрЅх ріарѕхрЅарІЇ рїѓрѕЮ рѕѕрѕўрїЇрЅБрЅх ріФрѕЇрЅ╗рѕЅ рЅБрѕЅрЅарЅх рЅдрЅ│ рѕєріљрІЇріЦріљрІџрѕЁріЋ ріЦріЋрЅЁрѕхрЅЃрѕ┤рІјрЅй рЅарѕЏрІхрѕерїЇ рЅа ріарїГрѕГ рїЇрІю рІЇрѕхрїЦ рѕѕрІЇрїЦ рѕЏрѕЮрїБрЅх рІГрЅйрѕІрѕЅріЦрЅцрЅхрІј рѕєріљрІЇ рїарІјрЅх рІѕрІГріЋрѕЮ рѕЏрЅ│ рѕІрІГ рЅа 5 рІ░рЅЃрЅЃ рІЇрѕхрїЦ рЅЦрЅ╗- рІерїјріЋ рЅдрѕГрїГ(рѕхрЅЦ) рѕѕрѕЏрїЦрЇІрЅх- рЅђріЋрІјріЋ рЅаріЋрЅЃрЅх рѕѕрѕўрїђрѕўрѕГріЦріљрІџрѕЁріЋ ріЦріЋрЅЁрѕхрЅЃрѕ┤рІјрЅй рІФрІхрѕГрїЅрѕѕрѕЂрѕЅрѕЮ ріЦрІхрѕю ріГрѕЇрѕЇ рІерѕџрѕєріЋ ріЦріЋрЅЁрѕхрЅЃрѕ┤ рѕхрѕѕрѕєріљ ріе рЅцрЅ░рѕ░рЅд рїІрѕГ рѕўрѕхрѕФрЅх рІГрЅйрѕІрѕЅ !!рѕіріЋріЕріЋ рЅарѕўрїФріЋ рІГрѕўрѕЇріерЅ▒ / рІХріГрЅ░рѕГрѕх рібрЅхрІ«рїхрІФ­ЪЉЄ­ЪЉЄ­ЪЉЄ­ЪЉЄ­ЪЉЄhttps://youtu.be/0uiTzjEbh90,Unknown
2023-08-29 17:20:05+00:00,­ЪЉЄ­ЪЉЄ­ЪЉЄ­ЪЉЄ­ЪЉЄ­ЪЉЄhttps://youtu.be/-AR1KO2DbFw?si=47cXLZtlmhx1NlqcрІХріГрЅ░рѕГрѕх рібрЅхрІ«рїйрІФ рЅаріарІ▓рѕх рЇЋрѕ«рїѕрѕФрѕЮ рїђрѕўрѕерѕЏрѕерїЦ  (рѕюріќрЇќрІЮ ) рїІрѕГ рЅ░рІФрІГрІъ рІерѕџрѕўрїБ рѕ┤рЅХрЅй рѕІрІГ рІерѕџріерѕ░рЅх рІерїцріЊ рЅйрїЇрѕ«рЅйрѕ┤рЅХрЅй рѕІрІГ рІерѕџріерѕ░рЅх рІе рїЇрЅЦрѕерѕхрїІ рїЇріЋріЎріљрЅх рѕхрѕюрЅх рѕўрЅђріљрѕх ?рІерѕ┤рЅХрЅй рІерІѕрѕГ ріарЅарЅБ рїЇрІю ріЦріЊ рѕїрѕјрЅйрѕЮ рїЅрІ│рІ«рЅй рЅ░ріљрѕхрЅ░рІІрѕЇ ріарѕЂріЉріЉ рІГрѕўрѕЇріерЅ▒ !!ріе рЅ┤рѕїрЅфрІЦріЋ рЇЋрѕ«рїЇрѕФрѕърЅ╗рЅйріЋ рЅарЅ░рїерѕЏрѕф ріарІ▓рѕх рЅарѕЇрІЕ ріарЅђрѕФрѕерЅЦ рІГрЅарѕЇрїЦ рІеріЊріЋрЅ░ріЋ рІерЅ░рѕўрѕЇріФрЅй рїЦрІФрЅё рѕѕрѕўрѕўрѕѕрѕхрІГрѕЁріЋ рІерѕўрѕ░рѕѕ рЇЋрѕ«рїЇрѕФрѕЮ рІГрІўріЋ рѕўрЅ░ріЊрѕЇрІерїцріЊ рїЦрІФрЅёрІјріЋ рѕѕрѕўрѕІріГ@doctorsEthttps://youtu.be/-AR1KO2DbFw?si=47cXLZtlmhx1Nlqc,Unknown
2023-09-01 16:16:15+00:00,рЅарЅЁрѕГрЅЦ рїірІю рЅарѕЃрїѕрѕФрЅйріЋ рѕІрІГ ріЦрІерЅ░рѕхрЅ░рІІрѕѕ рІФрѕѕ рІерЅ░рѕўрѕ│рѕ│рІГ рЇєрЅ│ ( Homosexuality ) рїЇрЅЦрѕе рѕ░рІХрѕЮ рЅарЅ░рѕѕрІФрІЕ рЅдрЅ│рІјрЅй рѕІрІГ ріЦрІерЅ│рІе рІГрїѕріЏрѕЇрІГрѕЁрѕЮ ріарїЦрЅЦрЅђріЋ рѕЮріЋрЅЃрІѕрѕўрІЇ рїЅрІ│рІГ рѕ▓рѕєріЋ- рІГрѕЁ рЅйрїЇрѕГ рЅарѕЁрѕЮріЊ рІГрѕѕрІФрѕЇ рІѕрІГ ?- рЅЁрІхрѕў рѕЮрѕЇріГрЅх ріарѕѕрІЇ рІѕрІГ ?рІѕрѕІрїєрЅй рѕЇрїєрЅ╗рЅйрѕЂріЋ ріЦріЋрІ┤рЅх рѕўрїарЅарЅЁ рЅхрЅйрѕІрѕѕрЅ╣ рѕЁріГрѕЮріЊрѕх ріарѕѕрІЇ рІѕрІГ ??рЅарѕЮріЋрѕўрїѕрЅарІЇ рѕЮрїЇрЅЦ рѕірЅђрІГрѕЕрІеріЋ рІГрЅйрѕІрѕЅ рІѕрІГ ?ріарѕЂріЉріЉ рїѕрЅЦрЅ░рІЇ рѕЎрѕЅ рЅфрІ▓рІ«рІЇріЋ рІГрѕўрѕЇріерЅ▒ !https://youtu.be/0k65P5ouw7s?si=qaUgo75bUa3AMQxD,Unknown
2023-09-16 07:54:32+00:00,ріе HIV рІерЅ░рЇѕрІѕрѕ░ рѕ░рІЇ ріарїІрїЦрѕЪрЅйрѕЂ рІФрЅЃрѕЇ ? рЇѕрІЇрѕх ріЦріЊ рѕЁріГрѕЮріЊ ?рѕЎрѕЅ рЅфрІ▓рІ«рІЇріЋ рЅ░рѕўрѕЇріГрЅ░рІЇ рѕЃрѕ│рЅЦ ріарѕхрЅ░рІФрІерЅХріЋ рІФріФрЇЇрѕЅріЋ­ЪЉЄ­ЪЉЄ­ЪЉЄ­ЪЉЄhttps://youtu.be/tTeErZxIh_Q?si=jKHyfWcC3sfXbC8L,Unknown
2023-10-02 16:37:39+00:00,рѕърЅх рЅарѕхрі│рѕГрѕѕрѕЇрїєрЅ╗рЅйріЋ рІерѕЮріЊрѕ▓рІўрІЇ рѕЮрѕ│рЅЃ рѕ│ріЊрЅђрІЇ ріЦрІхрѕџрІФрЅИрІЇріЋ рІГрЅђріЋрѕ░рІЇ рІГрѕєріЋрІерЅ│рѕИрїѕ рЅхріГріГрѕѕріЏ рїЂрѕх рібрЅхрІ«рїхрІФ рІЇрѕхрїЦ рІерѕѕрѕЮ...!рѕЂрѕЅрѕЮ рІѕрѕІрїЁ рѕірІФрІерІЇ рІерѕџрїѕрЅБрІерЅ│рѕИрїЅ рїЂрѕХрЅй рѕўрїарїБрЅх ріЦрѕФрѕхріЋ рѕѕріерЇЇрЅ░ріЏ рїЅрІ│рЅх ріЦрѕхріе рѕърЅх рІхрѕерѕх рѕЏрїІрѕѕрїЦ ріљрІЇ !рѕѕрѕЂрѕЅрѕЮ рібрі«ріќрѕџ рїцріЊріЋрѕЮ рІерѕџрїарЅЦрЅЁ ріарѕўрїІрїѕрЅЦ рІерЅ▒ ріљрІЇ??https://youtu.be/oHiSRrNF7I0?si=Absgm414YSt_kjNq,Unknown
2023-11-03 16:14:39+00:00,"рІХріГрЅ░рѕГрѕх рібрЅхрІ«рїхрІФ рЅа ріарІ▓рѕх ріарЅђрѕФрѕерЅЦ рЅа рЅ┤рѕїрЅфрІЦріЋ рЇЋрѕ«рїЇрѕФрѕЎріЋ рѕѕрѕўрїђрѕўрѕГ ріерЇІрЅ░ріЏ рІЮрїЇрїЁрЅх рЅарѕЏрІхрѕерїЇ рѕІрІГ рІГрїѕріЏрѕЇ рЇбрІЕрѕЃріЋрѕх рїЇрѕГрѕЏ рїєріњ ( рЅа рЅ▓ріГрЅХріГ ріе 500,000) рЅарѕІрІГ рЅ░ріерЅ│рІГ рІФрїѕріўрІЇ ріе ріарѕюрѕфріФ рІѕрІ░ рібрЅхрІ«рїхрІФрїѕріЋрІ│ рІЇрѕхрїЦ ріерѕўрЅ░ріЏрЅх ріЦрѕхріе ріерЇІрЅ░ріЏ рЅ░ріерЇІрІГ рЅарібрЅхрІ«рїхрІФ ( 1 take production ) рЅарѕўрЅБрѕЇ рІерѕџрЅ│рІѕрЅђрІЇ рІЕрѕЃріЋрѕх рїЇрѕГрѕЏ ( рїєріњ)ріерІ▓рЇЋрѕгрѕйріЋ ріЦрѕхріе рЅ│рІІрЅѓріљрЅхріЋ рІФрЅ░рѕерЇѕрІЇ рїєріњріарѕЂріЉріЉ рІГрѕўрѕЇріерЅ▒­ЪЉЄhttps://youtu.be/gwVN5eJQpko?si=xARsSxIEdZtE91GY",Unknown
2023-12-18 17:04:02+00:00,"https://youtu.be/5DBoEm-8kmA?si=LDLuEecNfULJVDzL­ЪЉѕ­ЪЉѕрЅарЅђріЋ ріаріЋрІ┤ рЅЦрЅ╗ рІерѕџрЅБрѕѕрІЇ рІерЅбрІЮріљрѕх ріарѕЏріФрѕфрЅа 10,000 рЅЦрѕГ рЅЦрЅ╗ рІерЅ░рїђрѕўрѕе рЅбрІЮріљрѕх ріЦрѕхріе рѕџрѕірІеріќрЅй рІФрІерїѕрІЇ рІерЇЋрѕФрїЇрѕЏ рібріЋрЅерѕхрЅхрѕўріЋрЅх рѕўрѕхрѕФрЅй рѕўрѕГрІх рЅЦрѕхрѕФрЅхрЅЦрѕІріГ рѕЏрѕГрігрЅх рІІрїІ рѕЏріљрІЇ рѕџрЅ░рѕЮріљрІЇ ?рібрЅхрІ«рїхрІФ рІЇрѕхрїЦ рЅбрІЮріљрѕх рѕѕрѕўрїђрѕўрѕГ рїЦрѕЕ рѕ░ріарЅх ріљрІЇ рІѕрІГ ??3 рЅбрІЮріљрѕх рѕхріЋрїђрѕЮрѕГ рІерѕЮріЋрѕ░рѕФрІЇ рѕхрѕЁрЅ░рЅХрЅй !ріарѕЂріЉріЉ рІГрѕўрѕЇріерЅ░рЅ▒­ЪЉЄ­ЪЉЄhttps://youtu.be/5DBoEm-8kmA?si=LDLuEecNfULJVDzL",Unknown
2024-06-11 12:33:25+00:00,PRENATAL 90 GummiesPrice 5000 birrTelegramhttps://t.me/lobelia4cosmeticsMsg­ЪЉЅLobelia pharmacy and cosmeticsРўј№ИЈcall 0911562031/0911587703Adress:- Infront of Bole Medhanialem high schoolOpen Monday - Monday from 8am until midnight ріерѕ░ріъ - ріЦрѕхріе рѕ░ріъ┬а ріерїДрЅ▒ 2:00 рѕхрІЊрЅх - ріЦрѕхріе рѕЮрѕйрЅ▒ 6:00 рѕ░рІЊрЅх­ЪЈЇ­ЪЈЇ­ЪЈЇрІерЅхрѕФріЋрѕхрЇќрѕГрЅх ріарѕЏрѕФрїГ ріе70 - 200 рЅЦрѕГFor delivery option fees are from 70 birr - 200 birr,Unknown
2024-06-11 12:33:25+00:00,PRENATAL 150 softgelsPrice 5000 birrTelegramhttps://t.me/lobelia4cosmeticsMsg­ЪЉЅLobelia pharmacy and cosmeticsРўј№ИЈcall 0911562031/0911587703Adress:- Infront of Bole Medhanialem high schoolOpen Monday - Monday from 8am until midnight ріерѕ░ріъ - ріЦрѕхріе рѕ░ріъ┬а ріерїДрЅ▒ 2:00 рѕхрІЊрЅх - ріЦрѕхріе рѕЮрѕйрЅ▒ 6:00 рѕ░рІЊрЅх­ЪЈЇ­ЪЈЇ­ЪЈЇрІерЅхрѕФріЋрѕхрЇќрѕГрЅх ріарѕЏрѕФрїГ ріе70 - 200 рЅЦрѕГFor delivery option fees are from 70 birr - 200 birr,Unknown
2024-06-11 12:33:25+00:00,Pregnacare Before Conception30 tabletsPrice 4000Telegramhttps://t.me/lobelia4cosmeticsMsg­ЪЉЅLobelia pharmacy and cosmeticsРўј№ИЈcall 0911562031/0911587703Adress:- Infront of Bole Medhanialem high schoolOpen Monday - Monday from 8am until midnight ріерѕ░ріъ - ріЦрѕхріе рѕ░ріъ┬а ріерїДрЅ▒ 2:00 рѕхрІЊрЅх - ріЦрѕхріе рѕЮрѕйрЅ▒ 6:00 рѕ░рІЊрЅх­ЪЈЇ­ЪЈЇ­ЪЈЇрІерЅхрѕФріЋрѕхрЇќрѕГрЅх ріарѕЏрѕФрїГ ріе70 - 200 рЅЦрѕГFor delivery option fees are from 70 birr - 200 birr,Unknown
2024-06-11 12:33:25+00:00,SMARTY PANTS KIDS VITAMINPrice 4000Telegramhttps://t.me/lobelia4cosmeticsMsg­ЪЉЅLobelia pharmacy and cosmeticsРўј№ИЈcall 0911562031/0911587703Adress:- Infront of Bole Medhanialem high schoolOpen Monday - Monday from 8am until midnight ріерѕ░ріъ - ріЦрѕхріе рѕ░ріъ┬а ріерїДрЅ▒ 2:00 рѕхрІЊрЅх - ріЦрѕхріе рѕЮрѕйрЅ▒ 6:00 рѕ░рІЊрЅх­ЪЈЇ­ЪЈЇ­ЪЈЇрІерЅхрѕФріЋрѕхрЇќрѕГрЅх ріарѕЏрѕФрїГ ріе70 - 200 рЅЦрѕГFor delivery option fees are from 70 birr - 200 birr,Unknown
2024-06-11 12:33:25+00:00,ONE A DAY WOMEN'S 300 TABLETSPrice 5500 birrTelegramhttps://t.me/lobelia4cosmeticsMsg­ЪЉЅLobelia pharmacy and cosmeticsРўј№ИЈcall 0911562031/0911587703Adress:- Infront of Bole Medhanialem high schoolOpen Monday - Monday from 8am until midnight ріерѕ░ріъ - ріЦрѕхріе рѕ░ріъ┬а ріерїДрЅ▒ 2:00 рѕхрІЊрЅх - ріЦрѕхріе рѕЮрѕйрЅ▒ 6:00 рѕ░рІЊрЅх­ЪЈЇ­ЪЈЇ­ЪЈЇрІерЅхрѕФріЋрѕхрЇќрѕГрЅх ріарѕЏрѕФрїГ ріе70 - 200 рЅЦрѕГFor delivery option fees are from 70 birr - 200 birr,Unknown
2024-06-11 15:23:20+00:00,NIDO USA 2.2KGPrice 5900 birrTelegramhttps://t.me/lobelia4cosmeticsMsg­ЪЉЅLobelia pharmacy and cosmeticsРўј№ИЈcall 0911562031/0911587703Adress:- Infront of Bole Medhanialem high schoolOpen Monday - Monday from 8am until midnight ріерѕ░ріъ - ріЦрѕхріе рѕ░ріъ┬а ріерїДрЅ▒ 2:00 рѕхрІЊрЅх - ріЦрѕхріе рѕЮрѕйрЅ▒ 6:00 рѕ░рІЊрЅх­ЪЈЇ­ЪЈЇ­ЪЈЇрІерЅхрѕФріЋрѕхрЇќрѕГрЅх ріарѕЏрѕФрїГ ріе70 - 200 рЅЦрѕГFor delivery option fees are from 70 birr - 200 birr,Unknown
2024-06-11 15:23:20+00:00,S 26 1.8kg No.1Price 5000 birrTelegramhttps://t.me/lobelia4cosmeticsMsg­ЪЉЅLobelia pharmacy and cosmeticsРўј№ИЈcall 0911562031/0911587703Adress:- Infront of Bole Medhanialem high schoolOpen Monday - Monday from 8am until midnight ріерѕ░ріъ - ріЦрѕхріе рѕ░ріъ┬а ріерїДрЅ▒ 2:00 рѕхрІЊрЅх - ріЦрѕхріе рѕЮрѕйрЅ▒ 6:00 рѕ░рІЊрЅх­ЪЈЇ­ЪЈЇ­ЪЈЇрІерЅхрѕФріЋрѕхрЇќрѕГрЅх ріарѕЏрѕФрїГ ріе70 - 200 рЅЦрѕГFor delivery option fees are from 70 birr - 200 birr,Unknown
2024-06-11 15:23:20+00:00,S 26 1.8kg No.3Price 5000 birrTelegramhttps://t.me/lobelia4cosmeticsMsg­ЪЉЅLobelia pharmacy and cosmeticsРўј№ИЈcall 0911562031/0911587703Adress:- Infront of Bole Medhanialem high schoolOpen Monday - Monday from 8am until midnight ріерѕ░ріъ - ріЦрѕхріе рѕ░ріъ┬а ріерїДрЅ▒ 2:00 рѕхрІЊрЅх - ріЦрѕхріе рѕЮрѕйрЅ▒ 6:00 рѕ░рІЊрЅх­ЪЈЇ­ЪЈЇ­ЪЈЇрІерЅхрѕФріЋрѕхрЇќрѕГрЅх ріарѕЏрѕФрїГ ріе70 - 200 рЅЦрѕГFor delivery option fees are from 70 birr - 200 birr,Unknown
2024-06-11 15:23:20+00:00,S 26 900 GM No.1Price 3200 birrTelegramhttps://t.me/lobelia4cosmeticsMsg­ЪЉЅLobelia pharmacy and cosmeticsРўј№ИЈcall 0911562031/0911587703Adress:- Infront of Bole Medhanialem high schoolOpen Monday - Monday from 8am until midnight ріерѕ░ріъ - ріЦрѕхріе рѕ░ріъ┬а ріерїДрЅ▒ 2:00 рѕхрІЊрЅх - ріЦрѕхріе рѕЮрѕйрЅ▒ 6:00 рѕ░рІЊрЅх­ЪЈЇ­ЪЈЇ­ЪЈЇрІерЅхрѕФріЋрѕхрЇќрѕГрЅх ріарѕЏрѕФрїГ ріе70 - 200 рЅЦрѕГFor delivery option fees are from 70 birr - 200 birr,Unknown
2024-06-11 15:23:20+00:00,S 26 900 GM No.2Price 3200 birrTelegramhttps://t.me/lobelia4cosmeticsMsg­ЪЉЅLobelia pharmacy and cosmeticsРўј№ИЈcall 0911562031/0911587703Adress:- Infront of Bole Medhanialem high schoolOpen Monday - Monday from 8am until midnight ріерѕ░ріъ - ріЦрѕхріе рѕ░ріъ┬а ріерїДрЅ▒ 2:00 рѕхрІЊрЅх - ріЦрѕхріе рѕЮрѕйрЅ▒ 6:00 рѕ░рІЊрЅх­ЪЈЇ­ЪЈЇ­ЪЈЇрІерЅхрѕФріЋрѕхрЇќрѕГрЅх ріарѕЏрѕФрїГ ріе70 - 200 рЅЦрѕГFor delivery option fees are from 70 birr - 200 birr,Unknown
2024-06-11 15:23:20+00:00,S 26 1.8kg No.2Price 5000 birrTelegramhttps://t.me/lobelia4cosmeticsMsg­ЪЉЅLobelia pharmacy and cosmeticsРўј№ИЈcall 0911562031/0911587703Adress:- Infront of Bole Medhanialem high schoolOpen Monday - Monday from 8am until midnight ріерѕ░ріъ - ріЦрѕхріе рѕ░ріъ┬а ріерїДрЅ▒ 2:00 рѕхрІЊрЅх - ріЦрѕхріе рѕЮрѕйрЅ▒ 6:00 рѕ░рІЊрЅх­ЪЈЇ­ЪЈЇ­ЪЈЇрІерЅхрѕФріЋрѕхрЇќрѕГрЅх ріарѕЏрѕФрїГ ріе70 - 200 рЅЦрѕГFor delivery option fees are from 70 birr - 200 birr,Unknown
2024-06-11 15:23:54+00:00,Aptamil UK 800mgPrice 3200 birrTelegramhttps://t.me/lobelia4cosmeticsMsg­ЪЉЅLobelia pharmacy and cosmeticsРўј№ИЈcall 0911562031/0911587703Adress:- Infront of Bole Medhanialem high schoolOpen Monday - Monday from 8am until midnight ріерѕ░ріъ - ріЦрѕхріе рѕ░ріъ┬а ріерїДрЅ▒ 2:00 рѕхрІЊрЅх - ріЦрѕхріе рѕЮрѕйрЅ▒ 6:00 рѕ░рІЊрЅх­ЪЈЇ­ЪЈЇ­ЪЈЇрІерЅхрѕФріЋрѕхрЇќрѕГрЅх ріарѕЏрѕФрїГ ріе70 - 200 рЅЦрѕГFor delivery option fees are from 70 birr - 200 birr,Unknown
2024-06-11 15:23:54+00:00,Aptamil No.2Price 3200 birrTelegramhttps://t.me/lobelia4cosmeticsMsg­ЪЉЅLobelia pharmacy and cosmeticsРўј№ИЈcall 0911562031/0911587703Adress:- Infront of Bole Medhanialem high schoolOpen Monday - Monday from 8am until midnight ріерѕ░ріъ - ріЦрѕхріе рѕ░ріъ┬а ріерїДрЅ▒ 2:00 рѕхрІЊрЅх - ріЦрѕхріе рѕЮрѕйрЅ▒ 6:00 рѕ░рІЊрЅх­ЪЈЇ­ЪЈЇ­ЪЈЇрІерЅхрѕФріЋрѕхрЇќрѕГрЅх ріарѕЏрѕФрїГ ріе70 - 200 рЅЦрѕГFor delivery option fees are from 70 birr - 200 birr,Unknown
2024-06-12 08:29:05+00:00,CENTRUM WOMEN 50+Price 5700 birrTelegramhttps://t.me/lobelia4cosmeticsMsg­ЪЉЅLobelia pharmacy and cosmeticsРўј№ИЈcall 0911562031/0911587703Adress:- Infront of Bole Medhanialem high schoolOpen Monday - Monday from 8am until midnight ріерѕ░ріъ - ріЦрѕхріе рѕ░ріъ┬а ріерїДрЅ▒ 2:00 рѕхрІЊрЅх - ріЦрѕхріе рѕЮрѕйрЅ▒ 6:00 рѕ░рІЊрЅх­ЪЈЇ­ЪЈЇ­ЪЈЇрІерЅхрѕФріЋрѕхрЇќрѕГрЅх ріарѕЏрѕФрїГ ріе70 - 200 рЅЦрѕГFor delivery option fees are from 70 birr - 200 birr,Unknown
2024-06-12 08:29:41+00:00,CENTRUM MEN 50+Price 5700 birrTelegramhttps://t.me/lobelia4cosmeticsMsg­ЪЉЅLobelia pharmacy and cosmeticsРўј№ИЈcall 0911562031/0911587703Adress:- Infront of Bole Medhanialem high schoolOpen Monday - Monday from 8am until midnight ріерѕ░ріъ - ріЦрѕхріе рѕ░ріъ┬а ріерїДрЅ▒ 2:00 рѕхрІЊрЅх - ріЦрѕхріе рѕЮрѕйрЅ▒ 6:00 рѕ░рІЊрЅх­ЪЈЇ­ЪЈЇ­ЪЈЇрІерЅхрѕФріЋрѕхрЇќрѕГрЅх ріарѕЏрѕФрїГ ріе70 - 200 рЅЦрѕГFor delivery option fees are from 70 birr - 200 birr,Unknown
2024-06-12 08:31:20+00:00,"OMEGA 3,6,9 150 SOFTGELSPrice 5000 birrTelegramhttps://t.me/lobelia4cosmeticsMsg­ЪЉЅLobelia pharmacy and cosmeticsРўј№ИЈcall 0911562031/0911587703Adress:- Infront of Bole Medhanialem high schoolOpen Monday - Monday from 8am until midnight ріерѕ░ріъ - ріЦрѕхріе рѕ░ріъ┬а ріерїДрЅ▒ 2:00 рѕхрІЊрЅх - ріЦрѕхріе рѕЮрѕйрЅ▒ 6:00 рѕ░рІЊрЅх­ЪЈЇ­ЪЈЇ­ЪЈЇрІерЅхрѕФріЋрѕхрЇќрѕГрЅх ріарѕЏрѕФрїГ ріе70 - 200 рЅЦрѕГFor delivery option fees are from 70 birr - 200 birr",Unknown
2024-06-12 08:32:43+00:00,OMEGA 3 200 SOFTGELSPrice 5000 birrTelegramhttps://t.me/lobelia4cosmeticsMsg­ЪЉЅLobelia pharmacy and cosmeticsРўј№ИЈcall 0911562031/0911587703Adress:- Infront of Bole Medhanialem high schoolOpen Monday - Monday from 8am until midnight ріерѕ░ріъ - ріЦрѕхріе рѕ░ріъ┬а ріерїДрЅ▒ 2:00 рѕхрІЊрЅх - ріЦрѕхріе рѕЮрѕйрЅ▒ 6:00 рѕ░рІЊрЅх­ЪЈЇ­ЪЈЇ­ЪЈЇрІерЅхрѕФріЋрѕхрЇќрѕГрЅх ріарѕЏрѕФрїГ ріе70 - 200 рЅЦрѕГFor delivery option fees are from 70 birr - 200 birr,Unknown
2024-06-12 08:36:35+00:00,CENTRUM ADULT 50+ 200 GUMMIESPrice 5700 birrTelegramhttps://t.me/lobelia4cosmeticsMsg­ЪЉЅLobelia pharmacy and cosmeticsРўј№ИЈcall 0911562031/0911587703Adress:- Infront of Bole Medhanialem high schoolOpen Monday - Monday from 8am until midnight ріерѕ░ріъ - ріЦрѕхріе рѕ░ріъ┬а ріерїДрЅ▒ 2:00 рѕхрІЊрЅх - ріЦрѕхріе рѕЮрѕйрЅ▒ 6:00 рѕ░рІЊрЅх­ЪЈЇ­ЪЈЇ­ЪЈЇрІерЅхрѕФріЋрѕхрЇќрѕГрЅх ріарѕЏрѕФрїГ ріе70 - 200 рЅЦрѕГFor delivery option fees are from 70 birr - 200 birr,Unknown
2024-05-26 15:03:01+00:00,рЅ░рїђрѕЮрѕ»рѕЇ !!,Unknown
2024-05-26 16:11:43+00:00,Live stream finished (1 hour),Unknown
2024-05-28 11:40:34+00:00,рІерІѕрѕГ ріарЅарЅБ ріЋрЇЁрѕЁріЊ ріарїарЅБрЅарЅЁРюЇРюЇрЅарІеріарѕўрЅ▒ рЅарЇѕрѕеріЋрїєрЅй рїЇріЋрЅдрЅх 28┬а рІерІѕрѕГ ріарЅарЅБ ріЋрЇЁрѕЁріЊ рЅђріЋ рЅарѕўрЅБрѕЇ рІГріерЅарѕФрѕЇрЇб рЅђріЉ рѕ┤рЅХрЅй ріЦріЊ рѕЇрїЃрїѕрѕерІХрЅй рЅарІѕрѕГ ріарЅарЅБрЅИрІЇ рІѕрЅЁрЅх рІерѕџрІФрїІрїЦрѕЪрЅИрІЇріЋ рЅ░рїЇрІ│рѕ«рЅХрЅй рѕѕрѕЏрѕхрЅ│рІѕрѕхріЊ рѕѕрѕўрЅЁрѕерЇЇ┬а рІФрїѕрѕѕрїЇрѕІрѕЇрЇб­ЪЉЅрЅарЅ░рѕѕрІГ рІЮрЅЁрЅ░ріЏ рїѕрЅб рЅБрѕѕрЅБрЅИрІЇ рѕђрїѕрѕФрЅх рІеріЋрЇЂрѕЁ рІЇрѕЃрЇБ рІеріЋрЇЁрѕЁріЊ ріарїарЅБрЅарЅЁ ріЦріЊ рІеріЋрЇЁрѕЁріЊ рѕўрїарЅарЅѓрІФ рѕЮрѕГрЅХрЅй рЅ░рІ░рѕФрѕйріљрЅх рІЇрѕхріЋріљрЅх┬а рѕѕрѕўрїЇрЅ│рЅх рїЦрѕерЅх рІГрІ░рѕерїІрѕЇрЇб­ЪњЦрѕхрѕѕ рІерІѕрѕГ ріарЅарЅБ ріЋрЇЁрѕЁріЊ ріарїарЅБрЅарЅЁ рІЮрѕГрІЮрѕГ рѕўрѕерїЃрІјрЅй рѕѕрѕЏрїЇріўрЅх ріЦрІџрѕЁ рІГрїФріЉhttps://shorturl.at/SVcbO­ЪћИрѕѕрЅарѕѕрїа рѕўрѕерїЃ:https://yetenaweg.com/,Unknown
2024-05-29 05:23:45+00:00,­ЪЊБрѕхрЅхрѕ«ріГ рЅарѕйрЅ│ріЊ рѕЮрѕЇріГрЅХрЅ╣­ЪњЦрѕхрЅхрѕ«ріГ рѕЏрѕѕрЅх рЅарІхріЋрїѕрЅх рІерѕџріерѕ░рЅх рІеріаріЋрїјрѕЇ рїЦрЅЃрЅх рѕ▓рѕєріЋ: рІерїГріЋрЅЁрѕІрЅх рІерІ░рѕЮ рІЮрІЇрІЇрѕГріЋ рЅарѕЏрЅєрѕЮ ріерЇЇрЅ░ріЏ рІеріаріЋрїјрѕЇріЊ рІерѕ░рІЇріљрЅх рїЅрІ│рЅх рІФрІ░рѕГрѕ│рѕЇрІерѕхрЅхрѕ«ріГ рЅарѕйрЅ│ рѕЮрѕЇріГрЅХрЅй рѕЮріЋ ріЦріЋрІ░рѕєріЉ рІФрІЇрЅЃрѕЅ?рІхріЋрїѕрЅ░ріЏ рІерѕўрІ░ріЋрІўрІЮ рѕхрѕюрЅх рІѕрІГрѕЮ рІхріГрѕўрЅхрЇА рЅарЅ░рѕѕрІГ рЅаріаріЋрІх рІерѕ░рІЇріљрЅх ріГрЇЇрѕЇ рЇірЅхріЋрЇБ ріГріЋрІх рІѕрІГрѕЮ ріЦрїЇрѕГріЋ рІГрїјрІ│рѕЇрЇбрІерѕўріЊрїѕрѕГ рЅйрїЇрѕГрЇАрІхріЋрїѕрЅ░ріЏ ріЋрїЇрїЇрѕГріЋ рІерѕўрѕерІ│рЅх рЅйрїЇрѕГ рІѕрІГрѕЮ рЅЃрѕІрЅхріЋ рѕўрЇЇрїарѕГрЇбрІерѕўрѕФрѕўрІх рЅйрїЇрѕГрЇА рІхріЋрїѕрЅ░ріЏ рѕўрЇЇрІўрІЮрЇБ рѕџрІЏріЋ рѕЏрїБрЅх рІѕрІГрѕЮ рЅЁріЋрїЁрЅх рѕЏрїБрЅхрЇбрІерѕЏрІерЅх рЅйрїЇрѕГрЇАрЅаріаріЋрІх рІѕрІГрѕЮ рЅарѕЂрѕѕрЅ▒рѕЮ ріарІГріќрЅй рѕІрІГ рІхріЋрїѕрЅ░ріЏ рЅйрїЇрѕГрЇбріерЅБрІх рѕФрѕх рѕЮрЅ│рЅхріЊ рѕїрѕјрЅйрѕЮ рѕЮрѕЇріГрЅХрЅйрЇб­ЪЉЅрІерїЇріЋрЅдрЅх рІѕрѕГ┬а рЅарІеріарѕўрЅ▒ рІеріарѕѕрѕЮ рІерѕхрЅхрѕ«ріГ рІѕрѕГрЅарѕўрЅБрѕЇ рІГріерЅарѕФрѕЇрЇб­ЪњЦрѕхрѕѕ рѕхрЅхрѕ«ріГ рЅарѕйрЅ│┬а рІЮрѕГрІЮрѕГ рѕўрѕерїЃрІјрЅй рѕѕрѕЏрїЇріўрЅх ріЦрІџрѕЁ рІГрїФріЉhttp://yetenaweg.com­ЪњЦрІерЅ┤рѕїрїЇрѕФрѕЮ рЅ╗ріЊрѕІрЅйріЋріЋ рѕѕрѕўрЅђрѕІрЅђрѕЇріЦрІџрѕЁ рІГрїФріЉ,Unknown
2024-05-31 17:24:31+00:00,рІерІўріЋрІхрѕ« рІерІЊрѕѕрѕЮ ріарЅђрЇЇ ріерЅхрѕЮрЅБрѕє ріљрї╗ рЅђріЋ рЅаріарѕѕрѕЮ ріарЅђрЇЇ рІ░рѕерїЃ  Рђ╣Рђ╣рѕЁрЇЃріЊрЅхріЊ рІѕрїБрЅХрЅйріЋ ріерЅхрѕЮрЅБрѕє рібріЋрІ▒рѕхрЅхрѕф рЅ░рЇЁрѕЁріќ рЅарѕўріерѕІріерѕЇ ріерЅхрѕЮрЅБрѕє ріљрЇЃ рЅхрІЇрѕЇрІх ріЦріЋрЇЇрїарѕГ!Рђ║Рђ║ рЅарѕџрѕЇ рѕўрѕф рЅЃрѕЇ ріЦрІерЅ░ріерЅарѕе рІГрїѕріЏрѕЇрЇАрЇАрІерїцріЊ рІѕрїЇ рІерЅхрѕЮрЅБрѕє рѕЏрїерѕх рЅарїцріЊ рѕІрІГ рІерѕџрІФрѕхріерЅхрѕѕрІЇріЋ рїЅрІ│рЅх ріЦрІерЅ░рѕЏрѕЏрѕГріЋ рЅђріЉріЋ ріЦріЋрІхріЊрѕхрЅЦ рІГрїІрЅЦрІЏрѕЇрЇбрЅхрѕЮрЅБрѕє рѕЏрїерѕхріЋ рЅарѕЏрЅєрѕЮ рїцріЋріљрЅ│рЅйріЋріЋ рѕўрїарЅарЅЁ ріЦріЊ рѕЏрІ░рѕх рІГрЅ╗рѕІрѕЇрЇб,Unknown
2024-06-09 15:00:00+00:00,Live stream scheduled forJun 9 at 15:00,Unknown
2024-06-05 20:27:37+00:00,https://www.clubhouse.com/room/xlOVk34E?utm_medium=ch_room_xr&utm_campaign=hRlA5hD3l5eqiHBShxl5xA-1276560,Unknown
2024-06-06 07:51:31+00:00,­ЪЊБрЅарІџрѕЁ ріЦрѕЂрІх рЅарЅ┤рѕїрїЇрѕФрѕЮ рЅђрїЦрЅ│ рѕхрѕГрїГрЅхрІеріЕрѕІрѕірЅх рЅарѕйрЅ│ ріГрЅхрЅхрѕЇ ріЦріЊ рІерІ│рІФрѕірѕ▓рѕх рѕЁріГрѕЮріЊрЅарѕџрѕЇ рѕГрІЋрѕх рЅарѕЮріЊрІ░рѕГрїѕрІЇ рІЇрІГрІГрЅх рІГрЅђрѕІрЅђрѕЅріЋрЇб­ЪњДрІеріаріЋрІх рѕ░рІЇ ріЕрѕІрѕірЅх ріерІ░рѕЮ рІЇрѕхрїЦ рЅєрѕ╗рѕ╗ріЋ ріЦріЊ┬а рІерЅ░рѕѕрІФрІЕ рЇѕрѕ│рѕЙрЅйріЋ рЅарЅарЅѓ рѕЂріћрЅ│ рѕЏрїБрѕФрЅх рѕ▓рІФрЅЁрЅ░рІЇ рІ│рІФрѕірѕ▓рѕх рІФрѕхрЇѕрѕЇрїІрѕЇрЇб рІГрѕЁрѕЮ ріЦріЋрІ░ рІерѕхрі│рѕГ рЅарѕйрЅ│рЇБ рІерІ░рѕЮ рїЇрЇірЅх ріЦріЊ рІерЅ░рѕѕрІФрІЕ рІеріЕрѕІрѕірЅх рЅарѕйрЅ│рІјрЅй рЅБрѕЅ рѕЂріћрЅ│рІјрЅй рѕіріерѕ░рЅх рІГрЅйрѕІрѕЇрЇб­ЪЌБріЦріЋрїЇрІХрЅ╗рЅйріЋ:­ЪЉЅрІХ/рѕГ рѕЃрѕўрѕЇрѕЏрѕЇ рѕђ/рїірІ«рѕГрїірѕх(рІеріЕрѕІрѕірЅх рѕЁріГрѕЮріЊ рѕхрЇћрѕ╗рѕірѕхрЅхрЇБ рЅарЅЁрІ▒рѕх рї│рІЇрѕјрѕх рѕџрѕіріњрІерѕЮ рѕюрІ▓ріФрѕЇ рі«рѕїрїЁ рІерІЇрѕхрїЦ рІ░рІї рѕЁріГрѕЮріЊ рѕерІ│рЅх рЇЋрѕ«рЇїрѕ░рѕГ)­ЪЉЅрІХ/рѕГ рЇЇрЇЂрѕЮ рїЦрѕІрѕЂріЋ(рЅарЅХрѕЏрѕх рїёрЇѕрѕГрѕ░ріЋ рІЕріњрЅерѕГрѕ▓рЅ▓ рѕєрѕхрЇњрЅ│рѕЇ рІеріЕрѕІрѕірЅх рѕЁріГрѕЮріЊ рѕхрЇћрѕ╗рѕірѕхрЅх)­ЪЌЊріЦрѕЂрІх рѕ░ріћ 2 2016РЈ░ріерѕЮрѕйрЅ▒ 12 рѕ░рІЊрЅх (рЅарібрЅхрІ«рїхрІФ)­ЪњЦрІЇрІГрІГрЅ▒ріЋ рѕѕрѕўрЅђрѕІрЅђрѕЇ ріЦрІџрѕЁ рІГрїФріЉ­ЪЉЄ­ЪЉЄ­ЪЉЄ­ЪЉЄ­ЪЉЄ­ЪЉЄ­ЪЉЄ­ЪЉЄhttps://t.me/yetenaweg?livestream­ЪЉЅрІерІЇрІГрІГрЅх рЅ╗ріЊрѕІрЅйріЋріЋ рѕѕрѕўрЅђрѕІрЅђрѕЇ ріЦрІџрѕЁ рІГрїФріЉ:https://t.me/+dl4juoncBxMyODVh,Unknown
2024-06-09 15:01:25+00:00,Live stream started,Unknown
2024-06-09 15:05:18+00:00,https://t.me/yetenaweg?livestreamрѕхрѕѕ ріЕрѕІрѕірЅх рїцріЊ рЇБ рѕЁріГрѕЮріЊ ріЦріЊ рІ│рІФрѕірѕХрѕх рІерѕЮріЊрІ░рѕГрїѕрІЇ рІЅрІГрІГрЅх ріарѕЂріЋ рЅ░рїђрѕЮрѕ»рѕЇ рЇб рїарІГрЅЂрЇБ рЅ░рѕЏрѕЕ рЇБ рѕЏрІѕрЅЁ рѕѕрѕџрЇѕрѕЇрїЅ рѕіріљріЕріЋ рѕЏрїІрѕФрЅх рЅхрЅйрѕІрѕІрЅйрѕЂ,Unknown
2024-06-09 15:28:37+00:00,рїЦрІФрЅёрІФрЅйрѕЂріЋ ріарїІрѕЕріЋ,Unknown
2024-06-09 16:36:21+00:00,Live stream finished (1 hour),Unknown
2024-06-03 13:13:54+00:00,"Рюѕ№ИЈ#Wolega_Nekemte_and_Wollo_Dessie_Ultrasound_Training_This_week!­ЪЉЅрѕ░ріћ 2 /2016 рїђрѕЮрѕ« рѕѕ 1 рѕ│рѕЮріЋрЅх рІГрѕ░рїБрѕЇ рЇб(ріеріГрѕЁрѕјрЅ▒ рЅБрѕ╗рїѕрѕГ рІе15CEU CPD Certificate┬а ріЦріЋрѕ░рїБрѕѕріЋрЇб)­ЪЉЅріЦрѕГрѕхрІј рЇѕрїЦріљрІЇ рІГрѕўрІЮрїѕрЅА !!#Ethio_American_Medical_Training_Center(#CPD)---------------------------------------------РЈЕрѕ░рѕЇрїБріърЅй-Medical Doctors , Medical Rad.Technologists , HO, Bsc ,& Msc Midwifery.РЈЕріарѕ░рѕЇрїБріърЅй-Rad & OBGYN specialists .­ЪџЕрІерѕхрѕЇрїаріЊ рЅдрЅ│-1. рЅарЅ░рѕўрѕерїА рѕєрѕхрЇњрЅ│рѕјрЅйРюћріарІўрїІрїЁ-Ethio-American CPD center in collaboration with selected hospitals .Call & Register­ЪЊъ0965410000 EkramРўј№ИЈ0965412222Рўј№ИЈ0914711558┬а dessieРўј№ИЈ0941404444Рўј№ИЈ0965410000Рўј№ИЈ0941038774 OfficeРўј№ИЈ0462124400 Office­ЪЈЃFor more info .follow us on telegram :-t.me/eahci",Unknown
2024-06-05 07:15:46+00:00,­ЪњЦріљрїѕ рІГрїђрѕЮрѕФрѕЇ#рІерѕърІФ_рЇѕрЅЃрІ│рЅйрѕЂріЋ_рѕІрѕІрІ░рѕ│рЅйрѕЂ_CPDtraining­ЪЉЅ(RMC)Respectful Maternity Care­ЪћХ15CEU#рїЇріЋрЅдрЅх29/2016 рІГрїђрѕўрѕФрѕЇ рЇбрѕѕрѕЂрѕЅрѕЮ рїцріЊ рЅБрѕѕрѕърІФрІјрЅй рЅарѕЂрѕЅрѕЮ ріГрѕЇрѕјрЅйріЊ ріерЅ░рѕърЅй рѕІрѕІрЅйрѕЂрЇб--------------------------------------------­ЪџЕTitle =(RMC)Respectful Maternity Care­ЪћХ15CEU­ЪЊ│0965412222­ЪЊ│0941404444­ЪЊ│0965410000­ЪЊ│0942404444­ЪЊ│0462124400Ethio-American CPD center & Health Consultancy.­ЪЈЃWe Are Committed To Excellence In Medical TrainingsРЮЌ-join our telegram channelT.me/eahci,Unknown
2024-06-05 12:45:52+00:00,"#ріЦрѕЂрІхрІГрїђрѕЮрѕФрѕЇ рЇѕрїЦріљрІЇ рІГрѕўрІЮрїѕрЅА!!Рюѕ№ИЈ#Wolega_Nekemte_and_Wollo_Dessie_Ultrasound_Training_This_week!­ЪЉЅрѕ░ріћ 2 /2016 рїђрѕЮрѕ« рѕѕ 1 рѕ│рѕЮріЋрЅх рІГрѕ░рїБрѕЇ рЇб(ріеріГрѕЁрѕјрЅ▒ рЅБрѕ╗рїѕрѕГ рІе15CEU CPD Certificate┬а ріЦріЋрѕ░рїБрѕѕріЋрЇб)­ЪЉЅріЦрѕГрѕхрІј рЇѕрїЦріљрІЇ рІГрѕўрІЮрїѕрЅА !!#Ethio_American_Medical_Training_Center(#CPD)---------------------------------------------РЈЕрѕ░рѕЇрїБріърЅй-Medical Doctors , Medical Rad.Technologists , HO, Bsc ,& Msc Midwifery.РЈЕріарѕ░рѕЇрїБріърЅй-Rad & OBGYN specialists .­ЪџЕрІерѕхрѕЇрїаріЊ рЅдрЅ│-1. рЅарЅ░рѕўрѕерїА рѕєрѕхрЇњрЅ│рѕјрЅйРюћріарІўрїІрїЁ-Ethio-American CPD center in collaboration with selected hospitals .Call & Register­ЪЊъ0965410000 EkramРўј№ИЈ0965412222Рўј№ИЈ0914711558┬а dessieРўј№ИЈ0941404444Рўј№ИЈ0942404444Рўј№ИЈ0941038774 OfficeРўј№ИЈ0462124400 Office­ЪЈЃFor more info .follow us on telegram :-t.me/eahci",Unknown
2024-06-05 14:14:47+00:00,ETHIO-AMERICAN MEDICAL TRAININGS( CPD ) & HEALTH CONSULTANCY CENTERpinned a photo,Unknown
2024-06-06 14:18:26+00:00,­ЪњЦрІЏрѕг рІГрїђрѕЮрѕФрѕЇ#рІерѕърІФ_рЇѕрЅЃрІ│рЅйрѕЂріЋ_рѕІрѕІрІ░рѕ│рЅйрѕЂ_CPDtraining­ЪЉЅ(RMC)Respectful Maternity Care­ЪћХ15CEU#рїЇріЋрЅдрЅх29/2016 рІГрїђрѕўрѕФрѕЇ рЇбрѕѕрѕЂрѕЅрѕЮ рїцріЊ рЅБрѕѕрѕърІФрІјрЅй рЅарѕЂрѕЅрѕЮ ріГрѕЇрѕјрЅйріЊ ріерЅ░рѕърЅй рѕІрѕІрЅйрѕЂрЇб--------------------------------------------­ЪџЕTitle =(RMC)Respectful Maternity Care­ЪћХ15CEU­ЪЊ│0965412222­ЪЊ│0941404444­ЪЊ│0965410000­ЪЊ│0942404444­ЪЊ│0462124400Ethio-American CPD center & Health Consultancy.­ЪЈЃWe Are Committed To Excellence In Medical TrainingsРЮЌ-join our telegram channelT.me/eahci,Unknown
2024-06-07 07:39:32+00:00,"#ріЦрѕЂрІхрІГрїђрѕЮрѕФрѕЇРюѕ№ИЈ#Nekemte_and_Dessie_Ultrasound_Training_This_week!­ЪЉЅрѕ░ріћ 2 /2016 рїђрѕЮрѕ« рѕѕ 1 рѕ│рѕЮріЋрЅх рІГрѕ░рїБрѕЇ рЇб(ріеріГрѕЁрѕјрЅ▒ рЅБрѕ╗рїѕрѕГ рІе15CEU CPD Certificate┬а ріЦріЋрѕ░рїБрѕѕріЋрЇб)­ЪЉЅріЦрѕГрѕхрІј рЇѕрїЦріљрІЇ рІГрѕўрІЮрїѕрЅА !!#Ethio_American_Medical_Training_Center(#CPD)---------------------------------------------РЈЕрѕ░рѕЇрїБріърЅй-Medical Doctors , Medical Rad.Technologists , HO, Bsc ,& Msc Midwifery.РЈЕріарѕ░рѕЇрїБріърЅй-Rad & OBGYN specialists .­ЪџЕрІерѕхрѕЇрїаріЊ рЅдрЅ│-1. рЅарЅ░рѕўрѕерїА рѕєрѕхрЇњрЅ│рѕјрЅйРюћріарІўрїІрїЁ-Ethio-American CPD center in collaboration with selected hospitals .Call & Register­ЪЊъ0965410000 EkramРўј№ИЈ0965412222Рўј№ИЈ0914711558┬а dessieРўј№ИЈ0941404444Рўј№ИЈ0942404444Рўј№ИЈ0941038774 OfficeРўј№ИЈ0462124400 Office­ЪЈЃFor more info .follow us on telegram :-t.me/eahci",Unknown
2024-06-07 10:43:35+00:00,"#2 рЅђріЋ рЅђрѕерІЇ­ЪњЦрІерїЇрѕГрІЏрЅх_рѕхрѕЇрїаріЊ_Addis_Ababa#Circumcision_Skill_Training_@Addis Ababa(Adult & Neonates with Ring ) ┬арЅарЅђрѕѕрЅарЅхріЊ рІФрѕѕрЅђрѕѕрЅарЅх#рѕ░ріћ2/2016┬а рІГрѕ░рїБрѕЇрЇб(15CEU CPD & Skill)­ЪћХ­ЪћХ­ЪћХ­ЪћХ­ЪћХ­ЪћХ­ЪћХ­ЪћХ­ЪћХ­ЪћХ­ЪЉЅрІерїЇрѕГрІЏрЅх ріГрѕЁрѕјрЅх рѕхрѕЇрїаріЊ (рЅарЅђрѕѕрЅарЅхріЊ рІФрѕѕрЅђрѕѕрЅарЅх - Ring /Without Ring-cut ) рѕхрѕЇрїаріЊ­ЪЉЅріарІўрїІрїЁ-Ethio-American┬а Health Consultancy & CPD Center.­ЪЉЅрѕ░рѕЇрїБріърЅй-GP,HO,Nurse,Midwif­ЪЊъEkram 0965410000­ЪЊъ0941404444┬а Daye­ЪЊъOffice┬а┬а┬а┬а┬а┬а 0965412222­ЪЊъTinbit┬а┬а ┬а┬а┬а 0942404444­ЪЊъOffice┬а┬а┬а┬а┬а┬а 0462124400­ЪЉЅрѕЏрѕхрЅ│рІѕрѕ╗ :-рІерѕ░рѕЇрїБріърЅй рЅЂрїЦрѕГ 12 рЅЦрЅ╗ рѕўрѕєріЉріЋ ріЦрІерїѕрѕѕрЇЁріЋ рЅђрІхрѕўрІЇ┬а рІерЅ░рѕўрІўрїѕрЅА рЅЦрЅ╗ рІерѕџрѕхрЅ░ріЊрїѕрІ▒ рѕўрѕєріЉріЋ ріЦріЊрѕ│рІЇрЅЃрѕѕріЋрЇб­ЪЉЅCircumcision is our Patented & Accredited Course !:-t.me/eahci",Unknown
2024-06-08 05:25:01+00:00,"#ріЦрѕЂрІх_рІГрїђрѕЮрѕФрѕЇРюѕ№ИЈ#Nekemte_and_Dessie_Ultrasound_Training_This_week!­ЪЉЅрѕ░ріћ 2 /2016 рїђрѕЮрѕ« рѕѕ 1 рѕ│рѕЮріЋрЅх рІГрѕ░рїБрѕЇ рЇб(ріеріГрѕЁрѕјрЅ▒ рЅБрѕ╗рїѕрѕГ рІе15CEU CPD Certificate┬а ріЦріЋрѕ░рїБрѕѕріЋрЇб)­ЪЉЅріЦрѕГрѕхрІј рЇѕрїЦріљрІЇ рІГрѕўрІЮрїѕрЅА !!#Ethio_American_Medical_Training_Center(#CPD)---------------------------------------------РЈЕрѕ░рѕЇрїБріърЅй-Medical Doctors , Medical Rad.Technologists , HO, Bsc ,& Msc Midwifery.РЈЕріарѕ░рѕЇрїБріърЅй-Rad & OBGYN specialists .­ЪџЕрІерѕхрѕЇрїаріЊ рЅдрЅ│-1. рЅарЅ░рѕўрѕерїА рѕєрѕхрЇњрЅ│рѕјрЅйРюћріарІўрїІрїЁ-Ethio-American CPD center in collaboration with selected hospitals .Call & Register­ЪЊъ0965410000 EkramРўј№ИЈ0965412222Рўј№ИЈ0914711558┬а dessieРўј№ИЈ0941404444Рўј№ИЈ0942404444Рўј№ИЈ0941038774 OfficeРўј№ИЈ0462124400 Office­ЪЈЃFor more info .follow us on telegram :-t.me/eahci",Unknown
2024-06-08 07:54:48+00:00,­ЪњЦ#рІерѕърІФ_рЇѕрЅЃрІх_рЅарЅЁрѕГрЅА_рѕѕрѕЮрЅ│рѕ│рІхрѕ▒(#рѕ░ріъ_рІГрїђрѕЮрѕФрѕЇ)Рюћ№ИЈ#Title_IntegratedEmergency Medicine#рѕ░ріћ3/2016рїђрѕЮрѕ«┬а рІГрѕ░рїБрѕЇрЇб#A.A_Oromia_Amhara_AA_Harari_SNNPR_Sidama_рѕІрѕІрЅйрѕЂрЇб--------------------------------------------­ЪЊъ0942404444 Tinbit­ЪЊъ0941404444┬а daye­ЪЊъ0965412222­ЪЊъ0965410000­ЪЊъ0462124400Office­ЪџЕOrganized By-(Ethio-American CPD center & Health Consultancy.)­ЪЈЃWe Are Committed To ExcellenceIn Medical TrainingsРЮЌ-join our telegram channelT.me/eahci,Unknown
2024-06-09 07:14:49+00:00,"#Wolaita_Sodo_Ultrasound_Training-­ЪЉЅрѕ░ріћ 9/2016рїђрѕЮрѕ« рѕѕ 1 рѕ│рѕЮріЋрЅх рІГрѕ░рїБрѕЇ рЇб(ріеріГрѕЁрѕјрЅ▒ рЅБрѕ╗рїѕрѕГ рІе15CEU CPD Certificate┬а ріЦріЋрѕ░рїБрѕѕріЋрЇб)­ЪЉЅріЦрѕГрѕхрІј рЇѕрїЦріљрІЇ рІГрѕўрІЮрїѕрЅА !!#Ethio_American_Medical_Training_Center(#CPD)---------------------------------------------РЈЕрѕ░рѕЇрїБріърЅй-Medical Doctors , Medical Rad.Technologists , HO, Bsc ,& Msc Midwifery.РЈЕріарѕ░рѕЇрїБріърЅй-Rad & OBGYN specialists .­ЪџЕрІерѕхрѕЇрїаріЊ рЅдрЅ│-1. рЅарЅ░рѕўрѕерїА рѕєрѕхрЇњрЅ│рѕјрЅйРюћріарІўрїІрїЁ-Ethio-American CPD center in collaboration with selected hospitals .Call & Register­ЪЊъ0965410000 EkramРўј№ИЈ0965412222Рўј№ИЈ0914711558┬а dessieРўј№ИЈ0941404444Рўј№ИЈ0942404444Рўј№ИЈ0941038774 OfficeРўј№ИЈ0462124400 Office­ЪЈЃFor more info .follow us on telegram :-t.me/eahci",Unknown
2024-06-09 07:14:57+00:00,ETHIO-AMERICAN MEDICAL TRAININGS( CPD ) & HEALTH CONSULTANCY CENTERpinned a photo,Unknown
2024-06-10 10:15:33+00:00,­ЪњЦрІЏрѕг рІГрїђрѕЮрѕФрѕЇ­ЪњЦ#рІерѕърІФ_рЇѕрЅЃрІх_рЅарЅЁрѕГрЅА_рѕѕрѕЮрЅ│рѕ│рІхрѕ▒(#рѕ░ріъ_рІГрїђрѕЮрѕФрѕЇ)Рюћ№ИЈ#Title_IntegratedEmergency Medicine#рѕ░ріћ3 /2016 рїђрѕЮрѕ«┬а рІГрѕ░рїБрѕЇрЇб#A.A_Oromia_Amhara_AA_Harari_SNNPR_Sidama_рѕІрѕІрЅйрѕЂрЇб--------------------------------------------­ЪЊъ0942404444 Tinbit­ЪЊъ0965410000 Ekram­ЪЊъ0941404444┬а daye­ЪЊъ0965412222┬а Office­ЪЊъ0462124400┬а Office­ЪџЕOrganized By-(Ethio-American CPD center & Health Consultancy.)­ЪЈЃWe Are Committed To Excellence In Medical TrainingsРЮЌ-join our telegram channelT.me/eahci,Unknown
2024-06-10 14:41:00+00:00,#­ЪњЦ#CPD_(+Online )#рѕ░ріћ6 /2016 рІГрїђрѕЮрѕФрѕЇ(15 CEU)-Infection Prevention(15 CEU)РГљ№ИЈріЦріЋрІ│рІФрѕўрѕЇрїЦрІјРЮЌ!! рѕѕрѕЂрѕЅрѕЮ рїцріЊ рЅБрѕѕрѕърІФрІјрЅй рЅарѕЂрѕЅрѕЮ ріГрѕЇрѕјрЅйріЊ ріерЅ░рѕърЅй рѕІрѕІрЅйрЅйрѕЂРЮЌ--------------------------------------------­ЪЊ│0942404444 Tinbit­ЪЊ│0941404444 Daye­ЪЊ▒0965410000 Ekram­ЪЊ│0965412222┬а office­ЪЊ│0462124400Ethio-American CPD center & Health Consultancy.­ЪЈЃWe Are Committed To Excellence In Medical TrainingsРЮЌ-join our telegram channelT.me/eahci,Unknown
2024-06-10 14:41:34+00:00,"#­ЪњЦрІерїЇрѕГрІЏрЅх_рѕхрѕЇрїаріЊ_Addis_Ababa#Circumcision_Skill_Training_@Addis Ababa(Adult & Neonates with Ring ) ┬арЅарЅђрѕѕрЅарЅхріЊ рІФрѕѕрЅђрѕѕрЅарЅх#рѕ░ріћ9 /2016┬а рІГрѕ░рїБрѕЇрЇб(15CEU CPD & Skill)­ЪћХ­ЪћХ­ЪћХ­ЪћХ­ЪћХ­ЪћХ­ЪћХ­ЪћХ­ЪћХ­ЪћХ­ЪЉЅрІерїЇрѕГрІЏрЅх ріГрѕЁрѕјрЅх рѕхрѕЇрїаріЊ (рЅарЅђрѕѕрЅарЅхріЊ рІФрѕѕрЅђрѕѕрЅарЅх - Ring /Without Ring-cut ) рѕхрѕЇрїаріЊ­ЪЉЅріарІўрїІрїЁ-Ethio-American┬а Health Consultancy & CPD Center.­ЪЉЅрѕ░рѕЇрїБріърЅй-GP,HO,Nurse,Midwif­ЪЊъEkram 0965410000­ЪЊъ0941404444┬а Daye­ЪЊъOffice┬а┬а┬а┬а┬а┬а 0965412222­ЪЊъTinbit┬а┬а ┬а┬а┬а 0942404444­ЪЊъOffice┬а┬а┬а┬а┬а┬а 0462124400­ЪЉЅрѕЏрѕхрЅ│рІѕрѕ╗ :-рІерѕ░рѕЇрїБріърЅй рЅЂрїЦрѕГ 12 рЅЦрЅ╗ рѕўрѕєріЉріЋ ріЦрІерїѕрѕѕрЇЁріЋ рЅђрІхрѕўрІЇ┬а рІерЅ░рѕўрІўрїѕрЅА рЅЦрЅ╗ рІерѕџрѕхрЅ░ріЊрїѕрІ▒ рѕўрѕєріЉріЋ ріЦріЊрѕ│рІЇрЅЃрѕѕріЋрЇб­ЪЉЅCircumcision is our Patented & Accredited Course !:-t.me/eahci",Unknown
2024-06-11 17:26:32+00:00,"#­ЪњЦрІерїЇрѕГрІЏрЅх_рѕхрѕЇрїаріЊ_Addis_Ababa & nekemte#Circumcision_Skill_Training­ЪЉЅ_@Addis Ababa & nekemte (Adult & Neonates with Ring ) ┬арЅарЅђрѕѕрЅарЅхріЊ рІФрѕѕрЅђрѕѕрЅарЅх#рѕ░ріћ9 /2016┬а рІГрѕ░рїБрѕЇрЇб(15CEU CPD & Skill)­ЪћХ­ЪћХ­ЪћХ­ЪћХ­ЪћХ­ЪћХ­ЪћХ­ЪћХ­ЪћХ­ЪћХ­ЪЉЅрІерїЇрѕГрІЏрЅх ріГрѕЁрѕјрЅх рѕхрѕЇрїаріЊ (рЅарЅђрѕѕрЅарЅхріЊ рІФрѕѕрЅђрѕѕрЅарЅх - Ring /Without Ring-cut ) рѕхрѕЇрїаріЊ­ЪЉЅріарІўрїІрїЁ-Ethio-American┬а Health Consultancy & CPD Center.­ЪЉЅрѕ░рѕЇрїБріърЅй-GP,HO,Nurse,Midwif­ЪЊъEkram 0965410000­ЪЊъ0941404444┬а Daye­ЪЊъOffice┬а┬а┬а┬а┬а┬а 0965412222­ЪЊъTinbit┬а┬а ┬а┬а┬а 0942404444­ЪЊъOffice┬а┬а┬а┬а┬а┬а 0462124400­ЪЉЅрѕЏрѕхрЅ│рІѕрѕ╗ :-рІерѕ░рѕЇрїБріърЅй рЅЂрїЦрѕГ 12 рЅЦрЅ╗ рѕўрѕєріЉріЋ ріЦрІерїѕрѕѕрЇЁріЋ рЅђрІхрѕўрІЇ┬а рІерЅ░рѕўрІўрїѕрЅА рЅЦрЅ╗ рІерѕџрѕхрЅ░ріЊрїѕрІ▒ рѕўрѕєріЉріЋ ріЦріЊрѕ│рІЇрЅЃрѕѕріЋрЇб­ЪЉЅCircumcision is our Patented & Accredited Course !:-t.me/eahci",Unknown
2024-06-12 05:44:23+00:00,­ЪњЦрІерѕърІФ рЇѕрЅЃрІх рЅарЅЁрѕГрЅА рѕѕрѕЮрЅ│рѕ│рІхрѕ▒­ЪњЦ#CPD_(+Online )#рѕ░ріћ7 /2016 рІГрїђрѕЮрѕФрѕЇРЮЌ№ИЈ# Infection Prevention(15 CEU)2 рЅђріЋ рЅђрѕерІЇ ріЦріЋрІ│рІФрѕўрѕЇрїЦрІјРђ╝№ИЈрѕѕрѕЂрѕЅрѕЮ рІерїцріЊ рЅБрѕѕрѕърІФрІјрЅй рЅарѕЂрѕЅрѕЮ ріГрѕЇрѕјрЅйріЊ ріерЅ░рѕърЅй рѕІрѕІрЅйрЅйрѕЂРЮЌ--------------------------------------------Рўј№ИЈ0942404444 TinbitРўј№ИЈ0965410000 EkramРўј№ИЈ0941404444 DayeРўј№ИЈ0965412222┬а officeРўј№ИЈ0462124400  OfficeEthio-American CPD center & Health Consultancy.­ЪЈЃWe Are Committed To Excellence In Medical TrainingsРЮЌ№ИЈ-join our telegram channelT.me/eahci,Unknown
